{"version": "1", "message": "ERROR: Hidden Testcases server unreachable.", "problem_id": "ads2_m6_a1_1", "user_id": "Ravikrishna234", "score": {"sample": {"0": {"execution_time": 0.306149959564209, "passed": false}, "1": {"execution_time": 0.5568890571594238, "passed": false}, "2": {"execution_time": 0.42324233055114746, "passed": false}, "3": {"execution_time": 0.4139080047607422, "passed": false}, "4": {"execution_time": 0.3812422752380371, "passed": false}, "5": {"execution_time": 0.40454864501953125, "passed": true}, "6": {"execution_time": 0.42039060592651367, "passed": true}, "7": {"execution_time": 0.4215056896209717, "passed": false}, "8": {"execution_time": 0.6545364856719971, "passed": true}, "9": {"execution_time": 0.45548558235168457, "passed": false}, "10": {"execution_time": 0.5241029262542725, "passed": true}, "11": {"execution_time": 0.37143874168395996, "passed": false}}}, "check_style_score": "1/1"}