{"version": "1", "message": "ERROR: Hidden Testcases server unreachable.", "problem_id": "ads2_m6_a1_1", "user_id": "Ravikrishna234", "score": {"sample": {"0": {"execution_time": 0.5197732448577881, "passed": false}, "1": {"execution_time": 0.3078277111053467, "passed": false}, "2": {"execution_time": 0.37689733505249023, "passed": false}, "3": {"execution_time": 0.3738114833831787, "passed": false}, "4": {"execution_time": 0.46807193756103516, "passed": false}, "5": {"execution_time": 0.36641526222229004, "passed": false}, "6": {"execution_time": 0.5323219299316406, "passed": true}, "7": {"execution_time": 0.47295308113098145, "passed": false}, "8": {"execution_time": 0.451082706451416, "passed": true}, "9": {"execution_time": 0.40058064460754395, "passed": false}, "10": {"execution_time": 0.4076108932495117, "passed": true}, "11": {"execution_time": 0.34563779830932617, "passed": false}}}, "check_style_score": "1/1"}