{"version": "1", "message": "ERROR: Hidden Testcases server unreachable.", "problem_id": "ads2_m6_a1_1", "user_id": "Ravikrishna234", "score": {"sample": {"0": {"execution_time": 0.48500680923461914, "passed": false}, "1": {"execution_time": 0.5253467559814453, "passed": false}, "2": {"execution_time": 0.4117145538330078, "passed": false}, "3": {"execution_time": 0.6297554969787598, "passed": false}, "4": {"execution_time": 0.3691227436065674, "passed": false}, "5": {"execution_time": 0.33911895751953125, "passed": false}, "6": {"execution_time": 0.34795236587524414, "passed": true}, "7": {"execution_time": 0.440809965133667, "passed": false}, "8": {"execution_time": 0.3104228973388672, "passed": true}, "9": {"execution_time": 0.4258270263671875, "passed": false}, "10": {"execution_time": 0.4163782596588135, "passed": true}, "11": {"execution_time": 0.3321504592895508, "passed": false}}}, "check_style_score": "1/1"}