{"version": "1", "message": "ERROR: Hidden Testcases server unreachable.", "problem_id": "ads2_m6_a1_1", "user_id": "Ravikrishna234", "score": {"sample": {"0": {"execution_time": 0.42925453186035156, "passed": false}, "1": {"execution_time": 0.5071816444396973, "passed": false}, "2": {"execution_time": 0.3323380947113037, "passed": false}, "3": {"execution_time": 0.36501073837280273, "passed": false}, "4": {"execution_time": 0.5395948886871338, "passed": false}, "5": {"execution_time": 0.3716566562652588, "passed": false}, "6": {"execution_time": 0.40618419647216797, "passed": false}, "7": {"execution_time": 0.5475656986236572, "passed": false}, "8": {"execution_time": 0.3702526092529297, "passed": false}, "9": {"execution_time": 0.405839204788208, "passed": false}, "10": {"execution_time": 0.3444957733154297, "passed": false}, "11": {"execution_time": 0.4501330852508545, "passed": false}}}, "check_style_score": "1/1"}