{"version": "1", "message": "ERROR: Hidden Testcases server unreachable.", "problem_id": "ads2_m6_a1_1", "user_id": "Ravikrishna234", "score": {"sample": {"0": {"execution_time": 0.391247034072876, "passed": false}, "1": {"execution_time": 0.5639488697052002, "passed": false}, "2": {"execution_time": 0.2765514850616455, "passed": false}, "3": {"execution_time": 0.43842053413391113, "passed": false}, "4": {"execution_time": 0.37749385833740234, "passed": false}, "5": {"execution_time": 0.46661901473999023, "passed": false}, "6": {"execution_time": 0.46983790397644043, "passed": true}, "7": {"execution_time": 0.27787256240844727, "passed": false}, "8": {"execution_time": 0.4132082462310791, "passed": true}, "9": {"execution_time": 0.5522387027740479, "passed": false}, "10": {"execution_time": 0.556041955947876, "passed": true}, "11": {"execution_time": 0.4627089500427246, "passed": false}}}, "check_style_score": "1/1"}