{"version": "1", "message": "ERROR: Hidden Testcases server unreachable.", "problem_id": "ads2_m6_a1_1", "user_id": "Ravikrishna234", "score": {"sample": {"0": {"execution_time": 0.3016386032104492, "passed": false}, "1": {"execution_time": 0.24572372436523438, "passed": false}, "2": {"execution_time": 0.21603751182556152, "passed": false}, "3": {"execution_time": 0.21681618690490723, "passed": false}, "4": {"execution_time": 0.21923208236694336, "passed": false}, "5": {"execution_time": 0.23880982398986816, "passed": false}, "6": {"execution_time": 0.24722552299499512, "passed": true}, "7": {"execution_time": 0.20511507987976074, "passed": false}, "8": {"execution_time": 0.22949886322021484, "passed": false}, "9": {"execution_time": 0.2306532859802246, "passed": false}, "10": {"execution_time": 0.23097538948059082, "passed": true}, "11": {"execution_time": 0.22986865043640137, "passed": false}}}, "check_style_score": "1/1"}