{"version": "1", "message": "ERROR: Hidden Testcases server unreachable.", "problem_id": "ads2_m6_a1_1", "user_id": "Ravikrishna234", "score": {"sample": {"0": {"execution_time": 0.23210787773132324, "passed": false}, "1": {"execution_time": 0.22573137283325195, "passed": false}, "2": {"execution_time": 0.21498894691467285, "passed": false}, "3": {"execution_time": 0.2697427272796631, "passed": false}, "4": {"execution_time": 0.23705601692199707, "passed": false}, "5": {"execution_time": 0.23562884330749512, "passed": false}, "6": {"execution_time": 0.2453601360321045, "passed": true}, "7": {"execution_time": 0.2418842315673828, "passed": false}, "8": {"execution_time": 0.2274320125579834, "passed": false}, "9": {"execution_time": 0.22803783416748047, "passed": false}, "10": {"execution_time": 0.22979116439819336, "passed": true}, "11": {"execution_time": 0.28440260887145996, "passed": false}}}, "check_style_score": "1/1"}