{"version": "1", "message": "ERROR: Hidden Testcases server unreachable.", "problem_id": "ads2_m6_a1_1", "user_id": "Ravikrishna234", "score": {"sample": {"0": {"execution_time": 0.2335045337677002, "passed": false}, "1": {"execution_time": 0.2468883991241455, "passed": false}, "2": {"execution_time": 0.23859953880310059, "passed": false}, "3": {"execution_time": 0.2243802547454834, "passed": false}, "4": {"execution_time": 0.22816872596740723, "passed": false}, "5": {"execution_time": 0.25223255157470703, "passed": false}, "6": {"execution_time": 0.23647642135620117, "passed": true}, "7": {"execution_time": 0.2361009120941162, "passed": false}, "8": {"execution_time": 0.24534058570861816, "passed": false}, "9": {"execution_time": 0.25403833389282227, "passed": false}, "10": {"execution_time": 0.22358036041259766, "passed": true}, "11": {"execution_time": 0.22359728813171387, "passed": false}}}, "check_style_score": "1/1"}