{"version": "1", "message": "ERROR: Hidden Testcases server unreachable.", "problem_id": "ads2_m6_a1_1", "user_id": "Ravikrishna234", "score": {"sample": {"0": {"execution_time": 0.37855029106140137, "passed": false}, "1": {"execution_time": 0.423478364944458, "passed": false}, "2": {"execution_time": 0.4325072765350342, "passed": false}, "3": {"execution_time": 0.4207000732421875, "passed": false}, "4": {"execution_time": 0.39609193801879883, "passed": false}, "5": {"execution_time": 0.34863710403442383, "passed": true}, "6": {"execution_time": 0.2828848361968994, "passed": true}, "7": {"execution_time": 0.3960871696472168, "passed": false}, "8": {"execution_time": 0.3457968235015869, "passed": true}, "9": {"execution_time": 0.42028355598449707, "passed": false}, "10": {"execution_time": 0.5076160430908203, "passed": true}, "11": {"execution_time": 0.2776510715484619, "passed": false}}}, "check_style_score": "1/1"}