{"version": "1", "message": "ERROR: Hidden Testcases server unreachable.", "problem_id": "ads2_m6_a1_1", "user_id": "Ravikrishna234", "score": {"sample": {"0": {"execution_time": 0.22754478454589844, "passed": false}, "1": {"execution_time": 0.23139333724975586, "passed": false}, "2": {"execution_time": 0.23470473289489746, "passed": false}, "3": {"execution_time": 0.21854710578918457, "passed": false}, "4": {"execution_time": 0.23580622673034668, "passed": false}, "5": {"execution_time": 0.26399874687194824, "passed": false}, "6": {"execution_time": 0.23648524284362793, "passed": true}, "7": {"execution_time": 0.23094487190246582, "passed": false}, "8": {"execution_time": 0.21981096267700195, "passed": false}, "9": {"execution_time": 0.2189316749572754, "passed": false}, "10": {"execution_time": 0.23067665100097656, "passed": true}, "11": {"execution_time": 0.3212413787841797, "passed": false}}}, "check_style_score": "1/1"}