{"version": "1", "message": "ERROR: Hidden Testcases server unreachable.", "problem_id": "ads2_m6_a1_1", "user_id": "Ravikrishna234", "score": {"sample": {"0": {"execution_time": 0.4460775852203369, "passed": false}, "1": {"execution_time": 0.37154507637023926, "passed": false}, "2": {"execution_time": 0.42081713676452637, "passed": false}, "3": {"execution_time": 0.45700573921203613, "passed": false}, "4": {"execution_time": 0.36813902854919434, "passed": false}, "5": {"execution_time": 0.294191837310791, "passed": false}, "6": {"execution_time": 0.40783071517944336, "passed": true}, "7": {"execution_time": 0.293717622756958, "passed": false}, "8": {"execution_time": 0.4461555480957031, "passed": true}, "9": {"execution_time": 0.3006272315979004, "passed": false}, "10": {"execution_time": 0.34159255027770996, "passed": true}, "11": {"execution_time": 0.5681538581848145, "passed": false}}}, "check_style_score": "1/1"}