{"version": "1", "message": "ERROR: Hidden Testcases server unreachable.", "problem_id": "ads2_m6_a1_1", "user_id": "Ravikrishna234", "score": {"sample": {"0": {"execution_time": 0.5300605297088623, "passed": false}, "1": {"execution_time": 0.47219228744506836, "passed": false}, "2": {"execution_time": 0.5757288932800293, "passed": false}, "3": {"execution_time": 0.4520995616912842, "passed": false}, "4": {"execution_time": 0.3110542297363281, "passed": false}, "5": {"execution_time": 0.42087697982788086, "passed": false}, "6": {"execution_time": 0.5305800437927246, "passed": true}, "7": {"execution_time": 0.37744617462158203, "passed": false}, "8": {"execution_time": 0.47774577140808105, "passed": true}, "9": {"execution_time": 0.42217493057250977, "passed": false}, "10": {"execution_time": 0.4837355613708496, "passed": true}, "11": {"execution_time": 0.4600827693939209, "passed": false}}}, "check_style_score": "1/1"}