{"version": "1", "message": "ERROR: Hidden Testcases server unreachable.", "problem_id": "ads2_m6_a1_1", "user_id": "Ravikrishna234", "score": {"sample": {"0": {"execution_time": 0.21576881408691406, "passed": false}, "1": {"execution_time": 0.21753668785095215, "passed": false}, "2": {"execution_time": 0.21994590759277344, "passed": false}, "3": {"execution_time": 0.22849345207214355, "passed": false}, "4": {"execution_time": 0.21070051193237305, "passed": false}, "5": {"execution_time": 0.23036813735961914, "passed": false}, "6": {"execution_time": 0.21411848068237305, "passed": true}, "7": {"execution_time": 0.23677968978881836, "passed": false}, "8": {"execution_time": 0.2326521873474121, "passed": false}, "9": {"execution_time": 0.23230218887329102, "passed": false}, "10": {"execution_time": 0.22867512702941895, "passed": true}, "11": {"execution_time": 0.23232388496398926, "passed": false}}}, "check_style_score": "1/1"}