{"version": "1", "message": "ERROR: Hidden Testcases server unreachable.", "problem_id": "ads2_m6_a1_1", "user_id": "Ravikrishna234", "score": {"sample": {"0": {"execution_time": 0.18883252143859863, "passed": false}, "1": {"execution_time": 0.22967195510864258, "passed": false}, "2": {"execution_time": 0.2411937713623047, "passed": false}, "3": {"execution_time": 0.20241975784301758, "passed": false}, "4": {"execution_time": 0.21733975410461426, "passed": false}, "5": {"execution_time": 0.21173954010009766, "passed": false}, "6": {"execution_time": 0.20303821563720703, "passed": false}, "7": {"execution_time": 0.21489429473876953, "passed": false}, "8": {"execution_time": 0.21382737159729004, "passed": false}, "9": {"execution_time": 0.21510672569274902, "passed": false}, "10": {"execution_time": 0.22206974029541016, "passed": false}, "11": {"execution_time": 0.20730280876159668, "passed": false}}}, "check_style_score": "1/1"}