{"version": "1", "message": "ERROR: Hidden Testcases server unreachable.", "problem_id": "ads2_m6_a1_1", "user_id": "Ravikrishna234", "score": {"sample": {"0": {"execution_time": 1.0307905673980713, "passed": false}, "1": {"execution_time": 0.3958415985107422, "passed": false}, "2": {"execution_time": 0.36328935623168945, "passed": false}, "3": {"execution_time": 0.38956165313720703, "passed": false}, "4": {"execution_time": 0.36500978469848633, "passed": false}, "5": {"execution_time": 0.362074613571167, "passed": false}, "6": {"execution_time": 0.4299275875091553, "passed": true}, "7": {"execution_time": 0.37235116958618164, "passed": false}, "8": {"execution_time": 0.549267053604126, "passed": true}, "9": {"execution_time": 0.3088662624359131, "passed": false}, "10": {"execution_time": 0.561682939529419, "passed": true}, "11": {"execution_time": 0.40293335914611816, "passed": false}}}, "check_style_score": "1/1"}