{"version": "1", "message": "ERROR: Hidden Testcases server unreachable.", "problem_id": "ads2_m6_a1_1", "user_id": "Ravikrishna234", "score": {"sample": {"0": {"execution_time": 0.2312026023864746, "passed": false}, "1": {"execution_time": 0.2018446922302246, "passed": false}, "2": {"execution_time": 0.23124432563781738, "passed": false}, "3": {"execution_time": 0.2552626132965088, "passed": false}, "4": {"execution_time": 0.23125457763671875, "passed": false}, "5": {"execution_time": 0.25164055824279785, "passed": false}, "6": {"execution_time": 0.2307431697845459, "passed": true}, "7": {"execution_time": 0.2496809959411621, "passed": false}, "8": {"execution_time": 0.21485137939453125, "passed": false}, "9": {"execution_time": 0.215789794921875, "passed": false}, "10": {"execution_time": 0.22162842750549316, "passed": true}, "11": {"execution_time": 0.22628021240234375, "passed": false}}}, "check_style_score": "1/1"}