{"version": "1", "message": "ERROR: Hidden Testcases server unreachable.", "problem_id": "ads2_m6_a1_1", "user_id": "Ravikrishna234", "score": {"sample": {"0": {"execution_time": 0.30816054344177246, "passed": false}, "1": {"execution_time": 0.4601171016693115, "passed": false}, "2": {"execution_time": 0.40372371673583984, "passed": false}, "3": {"execution_time": 0.5076062679290771, "passed": false}, "4": {"execution_time": 0.5012786388397217, "passed": false}, "5": {"execution_time": 0.48065686225891113, "passed": true}, "6": {"execution_time": 0.44617533683776855, "passed": true}, "7": {"execution_time": 0.49213600158691406, "passed": false}, "8": {"execution_time": 0.4060959815979004, "passed": true}, "9": {"execution_time": 0.5201914310455322, "passed": false}, "10": {"execution_time": 0.4379122257232666, "passed": true}, "11": {"execution_time": 0.39728808403015137, "passed": false}}}, "check_style_score": "1/1"}