{"version": "1", "message": "ERROR: Hidden Testcases server unreachable.", "problem_id": "ads2_m6_a1_1", "user_id": "Ravikrishna234", "score": {"sample": {"0": {"execution_time": 0.3735015392303467, "passed": false}, "1": {"execution_time": 0.33188652992248535, "passed": false}, "2": {"execution_time": 0.4153125286102295, "passed": false}, "3": {"execution_time": 0.576754093170166, "passed": false}, "4": {"execution_time": 0.4451632499694824, "passed": false}, "5": {"execution_time": 0.6035408973693848, "passed": false}, "6": {"execution_time": 0.38553619384765625, "passed": true}, "7": {"execution_time": 0.5369176864624023, "passed": false}, "8": {"execution_time": 0.4024922847747803, "passed": true}, "9": {"execution_time": 0.3972485065460205, "passed": false}, "10": {"execution_time": 0.41992640495300293, "passed": true}, "11": {"execution_time": 0.38323116302490234, "passed": false}}}, "check_style_score": "1/1"}