{"version": "1", "message": "ERROR: Hidden Testcases server unreachable.", "problem_id": "ads2_m6_a1_1", "user_id": "Ravikrishna234", "score": {"sample": {"0": {"execution_time": 0.44135022163391113, "passed": false}, "1": {"execution_time": 0.3795304298400879, "passed": false}, "2": {"execution_time": 0.39490318298339844, "passed": false}, "3": {"execution_time": 0.5267112255096436, "passed": false}, "4": {"execution_time": 0.47414422035217285, "passed": false}, "5": {"execution_time": 0.38859105110168457, "passed": false}, "6": {"execution_time": 0.4626805782318115, "passed": true}, "7": {"execution_time": 0.43825364112854004, "passed": false}, "8": {"execution_time": 0.38926124572753906, "passed": true}, "9": {"execution_time": 0.4348111152648926, "passed": false}, "10": {"execution_time": 0.5583534240722656, "passed": true}, "11": {"execution_time": 0.3672513961791992, "passed": false}}}, "check_style_score": "1/1"}