{"version": "1", "message": "ERROR: Hidden Testcases server unreachable.", "problem_id": "ads2_m6_a1_1", "user_id": "Ravikrishna234", "score": {"sample": {"0": {"execution_time": 0.21848750114440918, "passed": false}, "1": {"execution_time": 0.26757073402404785, "passed": false}, "2": {"execution_time": 0.2711677551269531, "passed": false}, "3": {"execution_time": 0.2514824867248535, "passed": false}, "4": {"execution_time": 0.2193140983581543, "passed": false}, "5": {"execution_time": 0.2521243095397949, "passed": false}, "6": {"execution_time": 0.23641109466552734, "passed": true}, "7": {"execution_time": 0.2588229179382324, "passed": false}, "8": {"execution_time": 0.21920371055603027, "passed": false}, "9": {"execution_time": 0.21764039993286133, "passed": false}, "10": {"execution_time": 0.24738025665283203, "passed": true}, "11": {"execution_time": 0.24023127555847168, "passed": false}}}, "check_style_score": "0/1"}