{"version": "1", "message": "ERROR: Hidden Testcases server unreachable.", "problem_id": "ads2_m6_a1_1", "user_id": "Ravikrishna234", "score": {"sample": {"0": {"execution_time": 0.2319037914276123, "passed": false}, "1": {"execution_time": 0.2390279769897461, "passed": false}, "2": {"execution_time": 0.24211740493774414, "passed": false}, "3": {"execution_time": 0.2219991683959961, "passed": false}, "4": {"execution_time": 0.2509465217590332, "passed": false}, "5": {"execution_time": 0.2666606903076172, "passed": false}, "6": {"execution_time": 0.23116230964660645, "passed": true}, "7": {"execution_time": 0.23131179809570312, "passed": false}, "8": {"execution_time": 0.22115778923034668, "passed": false}, "9": {"execution_time": 0.21307921409606934, "passed": false}, "10": {"execution_time": 0.2378537654876709, "passed": true}, "11": {"execution_time": 0.3054821491241455, "passed": false}}}, "check_style_score": "1/1"}