{"version": "1", "message": "ERROR: Hidden Testcases server unreachable.", "problem_id": "ads2_m6_a1_1", "user_id": "Ravikrishna234", "score": {"sample": {"0": {"execution_time": 0.4579291343688965, "passed": false}, "1": {"execution_time": 0.41507411003112793, "passed": false}, "2": {"execution_time": 0.3681344985961914, "passed": false}, "3": {"execution_time": 0.5140137672424316, "passed": false}, "4": {"execution_time": 0.30382823944091797, "passed": false}, "5": {"execution_time": 0.43193721771240234, "passed": false}, "6": {"execution_time": 0.3104116916656494, "passed": true}, "7": {"execution_time": 0.39243340492248535, "passed": false}, "8": {"execution_time": 0.3564791679382324, "passed": true}, "9": {"execution_time": 0.422959566116333, "passed": false}, "10": {"execution_time": 0.41539788246154785, "passed": true}, "11": {"execution_time": 0.3780190944671631, "passed": false}}}, "check_style_score": "1/1"}