{"version": "1", "message": "ERROR: Hidden Testcases server unreachable.", "problem_id": "ads2_m6_a1_1", "user_id": "Ravikrishna234", "score": {"sample": {"0": {"execution_time": 0.37473130226135254, "passed": false}, "1": {"execution_time": 0.44486522674560547, "passed": false}, "2": {"execution_time": 0.3684990406036377, "passed": false}, "3": {"execution_time": 0.5848236083984375, "passed": false}, "4": {"execution_time": 0.4894087314605713, "passed": false}, "5": {"execution_time": 0.38939714431762695, "passed": false}, "6": {"execution_time": 0.43678784370422363, "passed": true}, "7": {"execution_time": 0.5327894687652588, "passed": false}, "8": {"execution_time": 0.32624197006225586, "passed": true}, "9": {"execution_time": 0.3286747932434082, "passed": false}, "10": {"execution_time": 0.5619919300079346, "passed": true}, "11": {"execution_time": 0.7552506923675537, "passed": false}}}, "check_style_score": "1/1"}