{"version": "1", "message": "ERROR: Hidden Testcases server unreachable.", "problem_id": "ads2_m6_a1_1", "user_id": "Ravikrishna234", "score": {"sample": {"0": {"execution_time": 0.22709321975708008, "passed": false}, "1": {"execution_time": 0.2514073848724365, "passed": false}, "2": {"execution_time": 0.2591228485107422, "passed": false}, "3": {"execution_time": 0.24060988426208496, "passed": false}, "4": {"execution_time": 0.2355341911315918, "passed": false}, "5": {"execution_time": 0.21959829330444336, "passed": false}, "6": {"execution_time": 0.22533178329467773, "passed": false}, "7": {"execution_time": 0.2728910446166992, "passed": false}, "8": {"execution_time": 0.2409672737121582, "passed": false}, "9": {"execution_time": 0.2375941276550293, "passed": false}, "10": {"execution_time": 0.23585295677185059, "passed": false}, "11": {"execution_time": 0.23518776893615723, "passed": false}}}, "check_style_score": "0/1"}