{"version": "1", "message": "ERROR: Hidden Testcases server unreachable.", "problem_id": "ads2_m6_a1_1", "user_id": "Ravikrishna234", "score": {"sample": {"0": {"execution_time": 0.23633313179016113, "passed": false}, "1": {"execution_time": 0.2301783561706543, "passed": false}, "2": {"execution_time": 0.23843693733215332, "passed": false}, "3": {"execution_time": 0.24430251121520996, "passed": false}, "4": {"execution_time": 0.23617815971374512, "passed": false}, "5": {"execution_time": 0.24174880981445312, "passed": false}, "6": {"execution_time": 0.23081254959106445, "passed": false}, "7": {"execution_time": 0.23855042457580566, "passed": false}, "8": {"execution_time": 0.23021984100341797, "passed": false}, "9": {"execution_time": 0.2317972183227539, "passed": false}, "10": {"execution_time": 0.22423052787780762, "passed": false}, "11": {"execution_time": 0.22535276412963867, "passed": false}}}, "check_style_score": "0/1"}