{"version": "1", "message": "ERROR: Hidden Testcases server unreachable.", "problem_id": "ads2_m6_a1_1", "user_id": "Ravikrishna234", "score": {"sample": {"0": {"execution_time": 0.40807580947875977, "passed": false}, "1": {"execution_time": 0.4242286682128906, "passed": false}, "2": {"execution_time": 0.42044544219970703, "passed": false}, "3": {"execution_time": 0.4410743713378906, "passed": false}, "4": {"execution_time": 0.4539351463317871, "passed": false}, "5": {"execution_time": 0.45197129249572754, "passed": false}, "6": {"execution_time": 0.393002986907959, "passed": true}, "7": {"execution_time": 0.501060962677002, "passed": false}, "8": {"execution_time": 0.429241418838501, "passed": true}, "9": {"execution_time": 0.4047071933746338, "passed": false}, "10": {"execution_time": 0.422318696975708, "passed": true}, "11": {"execution_time": 0.5173957347869873, "passed": false}}}, "check_style_score": "1/1"}