{"version": "1", "message": "ERROR: Hidden Testcases server unreachable.", "problem_id": "ads2_m6_a1_1", "user_id": "Ravikrishna234", "score": {"sample": {"0": {"execution_time": 0.4712076187133789, "passed": false}, "1": {"execution_time": 0.46184372901916504, "passed": false}, "2": {"execution_time": 0.5155251026153564, "passed": false}, "3": {"execution_time": 0.40314745903015137, "passed": false}, "4": {"execution_time": 0.37824201583862305, "passed": false}, "5": {"execution_time": 0.3781299591064453, "passed": false}, "6": {"execution_time": 0.3208181858062744, "passed": true}, "7": {"execution_time": 0.38028597831726074, "passed": false}, "8": {"execution_time": 0.5253653526306152, "passed": true}, "9": {"execution_time": 0.4103412628173828, "passed": false}, "10": {"execution_time": 0.41398191452026367, "passed": true}, "11": {"execution_time": 0.3315846920013428, "passed": false}}}, "check_style_score": "1/1"}