{"version": "1", "message": "ERROR: Hidden Testcases server unreachable.", "problem_id": "ads2_m6_a1_1", "user_id": "Ravikrishna234", "score": {"sample": {"0": {"execution_time": 0.397998571395874, "passed": false}, "1": {"execution_time": 0.4442880153656006, "passed": false}, "2": {"execution_time": 0.4418482780456543, "passed": false}, "3": {"execution_time": 0.4429330825805664, "passed": false}, "4": {"execution_time": 0.3986380100250244, "passed": false}, "5": {"execution_time": 0.5535404682159424, "passed": false}, "6": {"execution_time": 0.4343256950378418, "passed": false}, "7": {"execution_time": 0.5090880393981934, "passed": false}, "8": {"execution_time": 0.4870645999908447, "passed": false}, "9": {"execution_time": 0.41985201835632324, "passed": false}, "10": {"execution_time": 0.486295223236084, "passed": false}, "11": {"execution_time": 0.44398951530456543, "passed": false}}}, "check_style_score": "1/1"}