{"version": "1", "message": "ERROR: Hidden Testcases server unreachable.", "problem_id": "ads2_m6_a1_1", "user_id": "Ravikrishna234", "score": {"sample": {"0": {"execution_time": 0.2372608184814453, "passed": false}, "1": {"execution_time": 0.24293971061706543, "passed": false}, "2": {"execution_time": 0.2425544261932373, "passed": false}, "3": {"execution_time": 0.2219240665435791, "passed": false}, "4": {"execution_time": 0.22285175323486328, "passed": false}, "5": {"execution_time": 0.20132946968078613, "passed": false}, "6": {"execution_time": 0.25778818130493164, "passed": true}, "7": {"execution_time": 0.22104930877685547, "passed": false}, "8": {"execution_time": 0.22971582412719727, "passed": false}, "9": {"execution_time": 0.23851871490478516, "passed": false}, "10": {"execution_time": 0.23705267906188965, "passed": true}, "11": {"execution_time": 0.24079346656799316, "passed": false}}}, "check_style_score": "0/1"}