{"version": "1", "message": "ERROR: Hidden Testcases server unreachable.", "problem_id": "ads2_m6_a1_1", "user_id": "Ravikrishna234", "score": {"sample": {"0": {"execution_time": 0.41690826416015625, "passed": false}, "1": {"execution_time": 0.31343746185302734, "passed": false}, "2": {"execution_time": 0.4691483974456787, "passed": false}, "3": {"execution_time": 0.3732635974884033, "passed": false}, "4": {"execution_time": 0.46782970428466797, "passed": false}, "5": {"execution_time": 0.3644592761993408, "passed": false}, "6": {"execution_time": 0.35522007942199707, "passed": false}, "7": {"execution_time": 0.50730299949646, "passed": false}, "8": {"execution_time": 0.39207887649536133, "passed": false}, "9": {"execution_time": 0.37672853469848633, "passed": false}, "10": {"execution_time": 0.37363481521606445, "passed": false}, "11": {"execution_time": 0.4190695285797119, "passed": false}}}, "check_style_score": "1/1"}