{"version": "1", "message": "ERROR: Hidden Testcases server unreachable.", "problem_id": "ads2_m6_a1_1", "user_id": "Ravikrishna234", "score": {"sample": {"0": {"execution_time": 0.4383227825164795, "passed": false}, "1": {"execution_time": 0.38844990730285645, "passed": false}, "2": {"execution_time": 0.4935142993927002, "passed": false}, "3": {"execution_time": 0.33606648445129395, "passed": false}, "4": {"execution_time": 0.5006182193756104, "passed": false}, "5": {"execution_time": 0.3749063014984131, "passed": false}, "6": {"execution_time": 0.5094120502471924, "passed": false}, "7": {"execution_time": 0.3475985527038574, "passed": false}, "8": {"execution_time": 0.4409618377685547, "passed": false}, "9": {"execution_time": 0.4148421287536621, "passed": false}, "10": {"execution_time": 0.38581085205078125, "passed": false}, "11": {"execution_time": 0.4738187789916992, "passed": false}}}, "check_style_score": "1/1"}