{"version": "1", "message": "ERROR: Hidden Testcases server unreachable.", "problem_id": "ads2_m6_a1_1", "user_id": "Ravikrishna234", "score": {"sample": {"0": {"execution_time": 0.49659109115600586, "passed": false}, "1": {"execution_time": 0.25751662254333496, "passed": false}, "2": {"execution_time": 0.42494678497314453, "passed": false}, "3": {"execution_time": 0.3645787239074707, "passed": false}, "4": {"execution_time": 0.4002819061279297, "passed": false}, "5": {"execution_time": 0.4085562229156494, "passed": false}, "6": {"execution_time": 0.39104151725769043, "passed": false}, "7": {"execution_time": 0.5178892612457275, "passed": false}, "8": {"execution_time": 0.35614967346191406, "passed": false}, "9": {"execution_time": 0.4972245693206787, "passed": false}, "10": {"execution_time": 0.406766414642334, "passed": false}, "11": {"execution_time": 0.32770442962646484, "passed": false}}}, "check_style_score": "1/1"}