{"version": "1", "message": "ERROR: Hidden Testcases server unreachable.", "problem_id": "ads2_m16_a1_1", "user_id": "Ravikrishna234", "score": {"sample": {"0": {"execution_time": 0.25687170028686523, "passed": true}, "1": {"execution_time": 0.26349377632141113, "passed": true}, "2": {"execution_time": 0.4831719398498535, "passed": true}, "3": {"execution_time": 0.4686446189880371, "passed": true}, "4": {"execution_time": 0.5250868797302246, "passed": true}, "5": {"execution_time": 0.4752054214477539, "passed": true}, "6": {"execution_time": 0.478438138961792, "passed": true}, "7": {"execution_time": 0.49373793601989746, "passed": true}, "8": {"execution_time": 0.319990873336792, "passed": true}, "9": {"execution_time": 0.5003583431243896, "passed": true}, "10": {"execution_time": 0.4788780212402344, "passed": true}, "11": {"execution_time": 3.4631283283233643, "passed": true}, "12": {"execution_time": 0.533250093460083, "passed": true}, "13": {"execution_time": 0.26173877716064453, "passed": true}, "14": {"execution_time": 0.4655478000640869, "passed": true}, "15": {"execution_time": 0.4949188232421875, "passed": true}, "16": {"execution_time": 0.31711411476135254, "passed": true}, "17": {"execution_time": 0.2877476215362549, "passed": true}, "18": {"execution_time": 0.28290486335754395, "passed": true}, "19": {"execution_time": 0.30896711349487305, "passed": true}, "20": {"execution_time": 0.3149123191833496, "passed": true}, "21": {"execution_time": 0.27545595169067383, "passed": true}, "22": {"execution_time": 0.2241222858428955, "passed": true}, "23": {"execution_time": 0.2797119617462158, "passed": true}, "24": {"execution_time": 0.22586941719055176, "passed": true}, "25": {"execution_time": 0.4943501949310303, "passed": true}, "26": {"execution_time": 0.5008904933929443, "passed": true}, "27": {"execution_time": 0.5143349170684814, "passed": true}, "28": {"execution_time": 0.815371036529541, "passed": true}, "29": {"execution_time": 0.16577887535095215, "passed": true}}}, "check_style_score": "1/1"}