{"version": "1", "message": "ERROR: Hidden Testcases server unreachable.", "problem_id": "ads2_m16_a1_1", "user_id": "Ravikrishna234", "score": {"sample": {"0": {"execution_time": 0.3936285972595215, "passed": true}, "1": {"execution_time": 0.4558682441711426, "passed": false}, "2": {"execution_time": 1.091179609298706, "passed": true}, "3": {"execution_time": 0.8119776248931885, "passed": true}, "4": {"execution_time": 0.8049066066741943, "passed": true}, "5": {"execution_time": 0.7910175323486328, "passed": false}, "6": {"execution_time": 0.7746727466583252, "passed": false}, "7": {"execution_time": 0.940814733505249, "passed": true}, "8": {"execution_time": 0.602675199508667, "passed": false}, "9": {"execution_time": 0.7644872665405273, "passed": false}, "10": {"execution_time": 0.7364873886108398, "passed": false}, "11": {"execution_time": 2.7345123291015625, "passed": true}, "12": {"execution_time": 0.8040511608123779, "passed": false}, "13": {"execution_time": 0.4498777389526367, "passed": true}, "14": {"execution_time": 0.8829634189605713, "passed": false}, "15": {"execution_time": 0.8458623886108398, "passed": true}, "16": {"execution_time": 0.5213589668273926, "passed": true}, "17": {"execution_time": 0.5172295570373535, "passed": true}, "18": {"execution_time": 0.6347904205322266, "passed": true}, "19": {"execution_time": 0.4577515125274658, "passed": true}, "20": {"execution_time": 0.574493408203125, "passed": false}, "21": {"execution_time": 0.5147407054901123, "passed": false}, "22": {"execution_time": 0.42308855056762695, "passed": false}, "23": {"execution_time": 0.5156464576721191, "passed": true}, "24": {"execution_time": 0.36084890365600586, "passed": true}, "25": {"execution_time": 0.7882497310638428, "passed": false}, "26": {"execution_time": 0.9405231475830078, "passed": false}, "27": {"execution_time": 0.9250197410583496, "passed": false}, "28": {"execution_time": 1.3259799480438232, "passed": false}, "29": {"execution_time": 0.6673810482025146, "passed": false}}}, "check_style_score": "0/1"}