{"version": "1", "message": "ERROR: Hidden Testcases server unreachable.", "problem_id": "ads2_m16_a1_1", "user_id": "Ravikrishna234", "score": {"sample": {"0": {"execution_time": 0.5641181468963623, "passed": true}, "1": {"execution_time": 0.45191216468811035, "passed": false}, "2": {"execution_time": 0.9231274127960205, "passed": true}, "3": {"execution_time": 0.769862174987793, "passed": true}, "4": {"execution_time": 0.9051978588104248, "passed": true}, "5": {"execution_time": 0.7531073093414307, "passed": false}, "6": {"execution_time": 0.7434415817260742, "passed": false}, "7": {"execution_time": 0.9161109924316406, "passed": true}, "8": {"execution_time": 0.46177148818969727, "passed": false}, "9": {"execution_time": 0.9083690643310547, "passed": false}, "10": {"execution_time": 0.7558584213256836, "passed": false}, "11": {"execution_time": 2.8673529624938965, "passed": true}, "12": {"execution_time": 0.7994143962860107, "passed": false}, "13": {"execution_time": 0.5231773853302002, "passed": true}, "14": {"execution_time": 0.7941153049468994, "passed": false}, "15": {"execution_time": 0.900550365447998, "passed": true}, "16": {"execution_time": 0.4741659164428711, "passed": true}, "17": {"execution_time": 0.5194752216339111, "passed": true}, "18": {"execution_time": 0.5323495864868164, "passed": true}, "19": {"execution_time": 0.5665991306304932, "passed": true}, "20": {"execution_time": 0.478391170501709, "passed": false}, "21": {"execution_time": 0.45456981658935547, "passed": false}, "22": {"execution_time": 0.4280219078063965, "passed": false}, "23": {"execution_time": 0.5619385242462158, "passed": true}, "24": {"execution_time": 0.4165804386138916, "passed": true}, "25": {"execution_time": 0.817296028137207, "passed": false}, "26": {"execution_time": 0.8572092056274414, "passed": false}, "27": {"execution_time": 0.8229420185089111, "passed": false}, "28": {"execution_time": 1.214510440826416, "passed": false}, "29": {"execution_time": 0.38274383544921875, "passed": true}}}, "check_style_score": "0/1"}