{"version": "1", "message": "ERROR: Hidden Testcases server unreachable.", "problem_id": "ads2_m16_a1_1", "user_id": "Ravikrishna234", "score": {"sample": {"0": {"execution_time": 0.25077319145202637, "passed": false}, "1": {"execution_time": 0.30376362800598145, "passed": false}, "2": {"execution_time": 0.5285434722900391, "passed": true}, "3": {"execution_time": 0.47600412368774414, "passed": false}, "4": {"execution_time": 0.511582612991333, "passed": false}, "5": {"execution_time": 0.546499490737915, "passed": false}, "6": {"execution_time": 0.4735445976257324, "passed": false}, "7": {"execution_time": 0.48021674156188965, "passed": false}, "8": {"execution_time": 0.28374671936035156, "passed": false}, "9": {"execution_time": 0.5276589393615723, "passed": false}, "10": {"execution_time": 0.4522716999053955, "passed": true}, "11": {"execution_time": 4.843693017959595, "passed": false}, "12": {"execution_time": 0.5257413387298584, "passed": false}, "13": {"execution_time": 0.2423393726348877, "passed": true}, "14": {"execution_time": 0.5196480751037598, "passed": false}, "15": {"execution_time": 0.4793117046356201, "passed": false}, "16": {"execution_time": 0.310901403427124, "passed": false}, "17": {"execution_time": 0.2765514850616455, "passed": false}, "18": {"execution_time": 0.28691673278808594, "passed": false}, "19": {"execution_time": 0.2740664482116699, "passed": false}, "20": {"execution_time": 0.31412601470947266, "passed": false}, "21": {"execution_time": 0.27429866790771484, "passed": false}, "22": {"execution_time": 0.2613525390625, "passed": false}, "23": {"execution_time": 0.2849702835083008, "passed": false}, "24": {"execution_time": 0.23752784729003906, "passed": true}, "25": {"execution_time": 0.551257848739624, "passed": false}, "26": {"execution_time": 0.5171105861663818, "passed": false}, "27": {"execution_time": 0.534527063369751, "passed": false}, "28": {"execution_time": 0.8229725360870361, "passed": false}, "29": {"execution_time": 0.3575921058654785, "passed": false}}}, "check_style_score": "0/1"}