{"version": "1", "message": "ERROR: Hidden Testcases server unreachable.", "problem_id": "ads2_m16_a1_1", "user_id": "Ravikrishna234", "score": {"sample": {"0": {"execution_time": 0.2284526824951172, "passed": true}, "1": {"execution_time": 0.23243331909179688, "passed": true}, "2": {"execution_time": 0.5050337314605713, "passed": true}, "3": {"execution_time": 0.5242445468902588, "passed": true}, "4": {"execution_time": 0.49462342262268066, "passed": true}, "5": {"execution_time": 0.5438926219940186, "passed": true}, "6": {"execution_time": 0.5345542430877686, "passed": true}, "7": {"execution_time": 0.5250833034515381, "passed": true}, "8": {"execution_time": 0.2669792175292969, "passed": true}, "9": {"execution_time": 0.5381042957305908, "passed": true}, "10": {"execution_time": 0.5151238441467285, "passed": true}, "11": {"execution_time": 3.4134628772735596, "passed": true}, "12": {"execution_time": 0.4831829071044922, "passed": true}, "13": {"execution_time": 0.2380063533782959, "passed": true}, "14": {"execution_time": 0.5297544002532959, "passed": true}, "15": {"execution_time": 0.5047485828399658, "passed": true}, "16": {"execution_time": 0.28553295135498047, "passed": true}, "17": {"execution_time": 0.2516188621520996, "passed": true}, "18": {"execution_time": 0.25757312774658203, "passed": true}, "19": {"execution_time": 0.3027210235595703, "passed": true}, "20": {"execution_time": 0.307483434677124, "passed": true}, "21": {"execution_time": 0.26947999000549316, "passed": true}, "22": {"execution_time": 0.30605268478393555, "passed": true}, "23": {"execution_time": 0.25230979919433594, "passed": true}, "24": {"execution_time": 0.22372198104858398, "passed": true}, "25": {"execution_time": 0.519742488861084, "passed": true}, "26": {"execution_time": 0.478621244430542, "passed": true}, "27": {"execution_time": 0.49608922004699707, "passed": true}, "28": {"execution_time": 0.7642068862915039, "passed": true}, "29": {"execution_time": 0.1466693878173828, "passed": true}}}, "check_style_score": "1/1"}