{"version": "1", "message": "ERROR: Hidden Testcases server unreachable.", "problem_id": "ads2_m16_a1_1", "user_id": "Ravikrishna234", "score": {"sample": {"0": {"execution_time": 0.24384474754333496, "passed": true}, "1": {"execution_time": 0.23677325248718262, "passed": true}, "2": {"execution_time": 0.46380019187927246, "passed": true}, "3": {"execution_time": 0.48865389823913574, "passed": true}, "4": {"execution_time": 0.4885690212249756, "passed": true}, "5": {"execution_time": 0.4994161128997803, "passed": true}, "6": {"execution_time": 0.4777498245239258, "passed": true}, "7": {"execution_time": 0.5679388046264648, "passed": true}, "8": {"execution_time": 0.26087355613708496, "passed": true}, "9": {"execution_time": 0.5235269069671631, "passed": true}, "10": {"execution_time": 0.4918994903564453, "passed": true}, "11": {"execution_time": 3.4087624549865723, "passed": true}, "12": {"execution_time": 0.4788682460784912, "passed": true}, "13": {"execution_time": 0.2173175811767578, "passed": true}, "14": {"execution_time": 0.49179601669311523, "passed": true}, "15": {"execution_time": 0.5013759136199951, "passed": true}, "16": {"execution_time": 0.272705078125, "passed": true}, "17": {"execution_time": 0.26207780838012695, "passed": true}, "18": {"execution_time": 0.29541730880737305, "passed": true}, "19": {"execution_time": 0.29780006408691406, "passed": true}, "20": {"execution_time": 0.2954118251800537, "passed": true}, "21": {"execution_time": 0.30302882194519043, "passed": true}, "22": {"execution_time": 0.30638718605041504, "passed": true}, "23": {"execution_time": 0.244917631149292, "passed": true}, "24": {"execution_time": 0.2134847640991211, "passed": true}, "25": {"execution_time": 0.5005435943603516, "passed": true}, "26": {"execution_time": 0.5243265628814697, "passed": true}, "27": {"execution_time": 0.5237884521484375, "passed": true}, "28": {"execution_time": 0.8276901245117188, "passed": true}, "29": {"execution_time": 0.14878535270690918, "passed": true}}}, "check_style_score": "1/1"}