{"version": "1", "message": "ERROR: Hidden Testcases server unreachable.", "problem_id": "ads2_m16_a1_1", "user_id": "Ravikrishna234", "score": {"sample": {"0": {"execution_time": 0.24418282508850098, "passed": true}, "1": {"execution_time": 0.23952460289001465, "passed": true}, "2": {"execution_time": 0.46314239501953125, "passed": true}, "3": {"execution_time": 0.4596900939941406, "passed": true}, "4": {"execution_time": 0.46555352210998535, "passed": true}, "5": {"execution_time": 0.4608621597290039, "passed": true}, "6": {"execution_time": 0.5891101360321045, "passed": true}, "7": {"execution_time": 0.5138936042785645, "passed": true}, "8": {"execution_time": 0.25540614128112793, "passed": true}, "9": {"execution_time": 0.4588472843170166, "passed": true}, "10": {"execution_time": 0.444072961807251, "passed": true}, "11": {"execution_time": 3.4276227951049805, "passed": true}, "12": {"execution_time": 0.4688150882720947, "passed": true}, "13": {"execution_time": 0.206085205078125, "passed": true}, "14": {"execution_time": 0.47742795944213867, "passed": true}, "15": {"execution_time": 0.4686458110809326, "passed": true}, "16": {"execution_time": 0.29890918731689453, "passed": true}, "17": {"execution_time": 0.2540168762207031, "passed": true}, "18": {"execution_time": 0.24103808403015137, "passed": true}, "19": {"execution_time": 0.25313258171081543, "passed": true}, "20": {"execution_time": 0.3021724224090576, "passed": true}, "21": {"execution_time": 0.24442267417907715, "passed": true}, "22": {"execution_time": 0.24470758438110352, "passed": true}, "23": {"execution_time": 0.25145983695983887, "passed": true}, "24": {"execution_time": 0.18443059921264648, "passed": true}, "25": {"execution_time": 0.4899930953979492, "passed": true}, "26": {"execution_time": 0.46802258491516113, "passed": true}, "27": {"execution_time": 0.5089387893676758, "passed": true}, "28": {"execution_time": 0.7603874206542969, "passed": true}, "29": {"execution_time": 0.16411280632019043, "passed": true}}}, "check_style_score": "1/1"}