{"version": "1", "message": "ERROR: Hidden Testcases server unreachable.", "problem_id": "ads2_m16_a1_1", "user_id": "Ravikrishna234", "score": {"sample": {"0": {"execution_time": 0.4711756706237793, "passed": true}, "1": {"execution_time": 0.6388084888458252, "passed": true}, "2": {"execution_time": 0.7987725734710693, "passed": true}, "3": {"execution_time": 0.9067730903625488, "passed": true}, "4": {"execution_time": 0.8140006065368652, "passed": true}, "5": {"execution_time": 0.7734599113464355, "passed": true}, "6": {"execution_time": 0.7763488292694092, "passed": true}, "7": {"execution_time": 0.7345199584960938, "passed": true}, "8": {"execution_time": 0.47688746452331543, "passed": true}, "9": {"execution_time": 0.9222760200500488, "passed": true}, "10": {"execution_time": 0.8044133186340332, "passed": true}, "11": {"execution_time": 4.874693155288696, "passed": true}, "12": {"execution_time": 1.0662178993225098, "passed": true}, "13": {"execution_time": 0.4574294090270996, "passed": true}, "14": {"execution_time": 0.9071111679077148, "passed": true}, "15": {"execution_time": 0.8981647491455078, "passed": true}, "16": {"execution_time": 0.4066181182861328, "passed": true}, "17": {"execution_time": 0.5874874591827393, "passed": true}, "18": {"execution_time": 0.42449331283569336, "passed": true}, "19": {"execution_time": 0.6332249641418457, "passed": true}, "20": {"execution_time": 0.5469210147857666, "passed": true}, "21": {"execution_time": 0.6154696941375732, "passed": true}, "22": {"execution_time": 0.4782075881958008, "passed": true}, "23": {"execution_time": 0.54612135887146, "passed": true}, "24": {"execution_time": 0.3150975704193115, "passed": true}, "25": {"execution_time": 0.8332931995391846, "passed": true}, "26": {"execution_time": 0.7346415519714355, "passed": true}, "27": {"execution_time": 0.8657286167144775, "passed": true}, "28": {"execution_time": 1.32354736328125, "passed": true}, "29": {"execution_time": 0.319305419921875, "passed": true}}}, "check_style_score": "0/1"}