{"version": "1", "message": "ERROR: Hidden Testcases server unreachable.", "problem_id": "ads2_m16_a1_1", "user_id": "Ravikrishna234", "score": {"sample": {"0": {"execution_time": 0.27085065841674805, "passed": true}, "1": {"execution_time": 0.24443364143371582, "passed": true}, "2": {"execution_time": 0.47846126556396484, "passed": true}, "3": {"execution_time": 0.5279505252838135, "passed": true}, "4": {"execution_time": 0.5262115001678467, "passed": true}, "5": {"execution_time": 0.47887444496154785, "passed": true}, "6": {"execution_time": 0.4844033718109131, "passed": true}, "7": {"execution_time": 0.4741547107696533, "passed": true}, "8": {"execution_time": 0.30896782875061035, "passed": true}, "9": {"execution_time": 0.5430827140808105, "passed": true}, "10": {"execution_time": 0.5085833072662354, "passed": true}, "11": {"execution_time": 3.490130662918091, "passed": true}, "12": {"execution_time": 0.4778404235839844, "passed": true}, "13": {"execution_time": 0.19855546951293945, "passed": true}, "14": {"execution_time": 0.5124702453613281, "passed": true}, "15": {"execution_time": 0.5341644287109375, "passed": true}, "16": {"execution_time": 0.27796459197998047, "passed": true}, "17": {"execution_time": 0.2729651927947998, "passed": true}, "18": {"execution_time": 0.2395000457763672, "passed": true}, "19": {"execution_time": 0.29436206817626953, "passed": true}, "20": {"execution_time": 0.30986452102661133, "passed": true}, "21": {"execution_time": 0.35261011123657227, "passed": true}, "22": {"execution_time": 0.25379061698913574, "passed": true}, "23": {"execution_time": 0.28632426261901855, "passed": true}, "24": {"execution_time": 0.21933698654174805, "passed": true}, "25": {"execution_time": 0.487945556640625, "passed": true}, "26": {"execution_time": 0.4789876937866211, "passed": true}, "27": {"execution_time": 0.5553369522094727, "passed": true}, "28": {"execution_time": 0.7822813987731934, "passed": true}, "29": {"execution_time": 0.15155529975891113, "passed": true}}}, "check_style_score": "1/1"}