{"version": "1", "message": "ERROR: Hidden Testcases server unreachable.", "problem_id": "ads2_m2_a1_1", "user_id": "Ravikrishna234", "score": {"sample": {"0": {"execution_time": 0.1879737377166748, "passed": true}, "1": {"execution_time": 0.19201064109802246, "passed": true}, "2": {"execution_time": 0.1517345905303955, "passed": true}, "3": {"execution_time": 0.15128636360168457, "passed": true}, "4": {"execution_time": 0.1692657470703125, "passed": true}, "5": {"execution_time": 0.15613889694213867, "passed": true}, "6": {"execution_time": 0.15134716033935547, "passed": true}, "7": {"execution_time": 0.18018651008605957, "passed": true}, "8": {"execution_time": 0.15518546104431152, "passed": true}, "9": {"execution_time": 0.15194368362426758, "passed": true}, "10": {"execution_time": 0.16960859298706055, "passed": true}, "11": {"execution_time": 0.15929222106933594, "passed": true}, "12": {"execution_time": 0.15086078643798828, "passed": true}, "13": {"execution_time": 0.15602684020996094, "passed": true}, "14": {"execution_time": 0.166060209274292, "passed": true}, "15": {"execution_time": 0.17570090293884277, "passed": true}, "16": {"execution_time": 0.1825251579284668, "passed": true}, "17": {"execution_time": 0.18878459930419922, "passed": true}, "18": {"execution_time": 0.17279529571533203, "passed": true}, "19": {"execution_time": 0.21522116661071777, "passed": true}, "20": {"execution_time": 0.32306432723999023, "passed": true}, "21": {"execution_time": 0.18062520027160645, "passed": true}, "22": {"execution_time": 0.222672700881958, "passed": true}, "23": {"execution_time": 0.21541452407836914, "passed": true}}}, "check_style_score": "1/1"}