{"version": "1", "message": "ERROR: Hidden Testcases server unreachable.", "problem_id": "ads2_m2_a1_1", "user_id": "Ravikrishna234", "score": {"sample": {"0": {"execution_time": 0.19194626808166504, "passed": true}, "1": {"execution_time": 0.17444562911987305, "passed": true}, "2": {"execution_time": 0.16683173179626465, "passed": true}, "3": {"execution_time": 0.17760515213012695, "passed": true}, "4": {"execution_time": 0.1627662181854248, "passed": true}, "5": {"execution_time": 0.18215560913085938, "passed": true}, "6": {"execution_time": 0.17322540283203125, "passed": true}, "7": {"execution_time": 0.19216179847717285, "passed": true}, "8": {"execution_time": 0.19652152061462402, "passed": true}, "9": {"execution_time": 0.1465301513671875, "passed": true}, "10": {"execution_time": 0.15531396865844727, "passed": true}, "11": {"execution_time": 0.19152021408081055, "passed": true}, "12": {"execution_time": 0.20549297332763672, "passed": true}, "13": {"execution_time": 0.19118261337280273, "passed": true}, "14": {"execution_time": 0.18475079536437988, "passed": true}, "15": {"execution_time": 0.22742986679077148, "passed": true}, "16": {"execution_time": 0.18473076820373535, "passed": true}, "17": {"execution_time": 0.20611906051635742, "passed": true}, "18": {"execution_time": 0.17254948616027832, "passed": true}, "19": {"execution_time": 0.24020123481750488, "passed": true}, "20": {"execution_time": 0.2705569267272949, "passed": true}, "21": {"execution_time": 0.1902754306793213, "passed": true}, "22": {"execution_time": 0.24582719802856445, "passed": true}, "23": {"execution_time": 0.25964903831481934, "passed": true}}}, "check_style_score": "1/1"}