{"version": "1", "message": "ERROR: Hidden Testcases server unreachable.", "problem_id": "ads2_m2_a1_1", "user_id": "Ravikrishna234", "score": {"sample": {"0": {"execution_time": 0.19591116905212402, "passed": true}, "1": {"execution_time": 0.15098953247070312, "passed": true}, "2": {"execution_time": 0.14418458938598633, "passed": true}, "3": {"execution_time": 0.1501617431640625, "passed": true}, "4": {"execution_time": 0.14541363716125488, "passed": true}, "5": {"execution_time": 0.15525507926940918, "passed": true}, "6": {"execution_time": 0.14374995231628418, "passed": true}, "7": {"execution_time": 0.15711379051208496, "passed": true}, "8": {"execution_time": 0.14960646629333496, "passed": true}, "9": {"execution_time": 0.1510331630706787, "passed": true}, "10": {"execution_time": 0.1598341464996338, "passed": true}, "11": {"execution_time": 0.17463421821594238, "passed": true}, "12": {"execution_time": 0.14412236213684082, "passed": true}, "13": {"execution_time": 0.16750812530517578, "passed": true}, "14": {"execution_time": 0.15118694305419922, "passed": true}, "15": {"execution_time": 0.18117475509643555, "passed": true}, "16": {"execution_time": 0.18314433097839355, "passed": true}, "17": {"execution_time": 0.1784505844116211, "passed": true}, "18": {"execution_time": 0.16030406951904297, "passed": true}, "19": {"execution_time": 0.18278288841247559, "passed": true}, "20": {"execution_time": 0.20546364784240723, "passed": true}, "21": {"execution_time": 0.14600825309753418, "passed": true}, "22": {"execution_time": 0.19521450996398926, "passed": true}, "23": {"execution_time": 0.20890545845031738, "passed": true}}}, "check_style_score": "0/1"}