{"version": "1", "message": "ERROR: Hidden Testcases server unreachable.", "problem_id": "ads2_m2_a1_1", "user_id": "Ravikrishna234", "score": {"sample": {"0": {"execution_time": 0.4286069869995117, "passed": true}, "1": {"execution_time": 0.31798744201660156, "passed": true}, "2": {"execution_time": 0.3540465831756592, "passed": true}, "3": {"execution_time": 0.3983585834503174, "passed": true}, "4": {"execution_time": 0.36622190475463867, "passed": true}, "5": {"execution_time": 0.4466214179992676, "passed": true}, "6": {"execution_time": 0.42936062812805176, "passed": true}, "7": {"execution_time": 0.2875332832336426, "passed": true}, "8": {"execution_time": 0.26611781120300293, "passed": true}, "9": {"execution_time": 0.45818066596984863, "passed": true}, "10": {"execution_time": 0.2831282615661621, "passed": true}, "11": {"execution_time": 0.3014657497406006, "passed": true}, "12": {"execution_time": 0.36650729179382324, "passed": true}, "13": {"execution_time": 0.35109519958496094, "passed": true}, "14": {"execution_time": 0.41010022163391113, "passed": true}, "15": {"execution_time": 0.2711143493652344, "passed": true}, "16": {"execution_time": 0.24446368217468262, "passed": true}, "17": {"execution_time": 0.36705732345581055, "passed": true}, "18": {"execution_time": 0.36797356605529785, "passed": true}, "19": {"execution_time": 0.46579742431640625, "passed": true}, "20": {"execution_time": 0.4690866470336914, "passed": true}, "21": {"execution_time": 0.2541377544403076, "passed": true}, "22": {"execution_time": 0.38891029357910156, "passed": true}, "23": {"execution_time": 0.3825821876525879, "passed": true}}}, "check_style_score": "1/1"}