{"version": "1", "message": "ERROR: Hidden Testcases server unreachable.", "problem_id": "ads2_m2_a1_1", "user_id": "Ravikrishna234", "score": {"sample": {"0": {"execution_time": 0.16067075729370117, "passed": true}, "1": {"execution_time": 0.1454319953918457, "passed": true}, "2": {"execution_time": 0.1758880615234375, "passed": true}, "3": {"execution_time": 0.16477298736572266, "passed": true}, "4": {"execution_time": 0.1820998191833496, "passed": true}, "5": {"execution_time": 0.16382312774658203, "passed": true}, "6": {"execution_time": 0.1459367275238037, "passed": true}, "7": {"execution_time": 0.21143531799316406, "passed": true}, "8": {"execution_time": 0.1705927848815918, "passed": true}, "9": {"execution_time": 0.16718530654907227, "passed": true}, "10": {"execution_time": 0.1724560260772705, "passed": true}, "11": {"execution_time": 0.16185426712036133, "passed": true}, "12": {"execution_time": 0.14919281005859375, "passed": true}, "13": {"execution_time": 0.18949508666992188, "passed": true}, "14": {"execution_time": 0.17524409294128418, "passed": true}, "15": {"execution_time": 0.17891502380371094, "passed": true}, "16": {"execution_time": 0.15771961212158203, "passed": true}, "17": {"execution_time": 0.18831992149353027, "passed": true}, "18": {"execution_time": 0.19999933242797852, "passed": true}, "19": {"execution_time": 0.22839093208312988, "passed": true}, "20": {"execution_time": 0.22439789772033691, "passed": true}, "21": {"execution_time": 0.1625664234161377, "passed": true}, "22": {"execution_time": 0.25044798851013184, "passed": true}, "23": {"execution_time": 0.23497629165649414, "passed": true}}}, "check_style_score": "0/1"}