{"version": "1", "message": "ERROR: Hidden Testcases server unreachable.", "problem_id": "ads2_m2_a1_1", "user_id": "Ravikrishna234", "score": {"sample": {"0": {"execution_time": 0.21179795265197754, "passed": true}, "1": {"execution_time": 0.15146255493164062, "passed": true}, "2": {"execution_time": 0.16076064109802246, "passed": true}, "3": {"execution_time": 0.1636040210723877, "passed": true}, "4": {"execution_time": 0.21082568168640137, "passed": true}, "5": {"execution_time": 0.15097761154174805, "passed": true}, "6": {"execution_time": 0.18761849403381348, "passed": true}, "7": {"execution_time": 0.1508786678314209, "passed": true}, "8": {"execution_time": 0.1560680866241455, "passed": true}, "9": {"execution_time": 0.1525256633758545, "passed": true}, "10": {"execution_time": 0.18107128143310547, "passed": true}, "11": {"execution_time": 0.15136480331420898, "passed": true}, "12": {"execution_time": 0.1399834156036377, "passed": true}, "13": {"execution_time": 0.16622591018676758, "passed": true}, "14": {"execution_time": 0.16685271263122559, "passed": true}, "15": {"execution_time": 0.18035316467285156, "passed": true}, "16": {"execution_time": 0.21909427642822266, "passed": true}, "17": {"execution_time": 0.20517683029174805, "passed": true}, "18": {"execution_time": 0.20443487167358398, "passed": true}, "19": {"execution_time": 0.22812700271606445, "passed": true}, "20": {"execution_time": 0.17053651809692383, "passed": true}, "21": {"execution_time": 0.1659989356994629, "passed": true}, "22": {"execution_time": 0.24966669082641602, "passed": true}, "23": {"execution_time": 0.22529911994934082, "passed": true}}}, "check_style_score": "1/1"}