{"version": "1", "message": "ERROR: Hidden Testcases server unreachable.", "problem_id": "ads2_m2_a1_1", "user_id": "Ravikrishna234", "score": {"sample": {"0": {"execution_time": 0.1801302433013916, "passed": true}, "1": {"execution_time": 0.19932818412780762, "passed": true}, "2": {"execution_time": 0.15938663482666016, "passed": true}, "3": {"execution_time": 0.14219164848327637, "passed": true}, "4": {"execution_time": 0.2119743824005127, "passed": true}, "5": {"execution_time": 0.14967966079711914, "passed": true}, "6": {"execution_time": 0.15283894538879395, "passed": true}, "7": {"execution_time": 0.15712857246398926, "passed": true}, "8": {"execution_time": 0.18532156944274902, "passed": true}, "9": {"execution_time": 0.15948247909545898, "passed": true}, "10": {"execution_time": 0.15109562873840332, "passed": true}, "11": {"execution_time": 0.15125346183776855, "passed": true}, "12": {"execution_time": 0.15752410888671875, "passed": true}, "13": {"execution_time": 0.22005391120910645, "passed": true}, "14": {"execution_time": 0.15658116340637207, "passed": true}, "15": {"execution_time": 0.19069290161132812, "passed": true}, "16": {"execution_time": 0.1826481819152832, "passed": true}, "17": {"execution_time": 0.21467900276184082, "passed": true}, "18": {"execution_time": 0.1672365665435791, "passed": true}, "19": {"execution_time": 0.19766879081726074, "passed": true}, "20": {"execution_time": 0.21175789833068848, "passed": true}, "21": {"execution_time": 0.16582083702087402, "passed": true}, "22": {"execution_time": 0.2804739475250244, "passed": true}, "23": {"execution_time": 0.21583771705627441, "passed": true}}}, "check_style_score": "1/1"}