{"version": "1", "message": "ERROR: Hidden Testcases server unreachable.", "problem_id": "ads2_m2_a1_1", "user_id": "Ravikrishna234", "score": {"sample": {"0": {"execution_time": 0.187974214553833, "passed": true}, "1": {"execution_time": 0.18713808059692383, "passed": true}, "2": {"execution_time": 0.18384528160095215, "passed": true}, "3": {"execution_time": 0.18431496620178223, "passed": true}, "4": {"execution_time": 0.15034151077270508, "passed": true}, "5": {"execution_time": 0.15156292915344238, "passed": true}, "6": {"execution_time": 0.1923210620880127, "passed": true}, "7": {"execution_time": 0.1790461540222168, "passed": true}, "8": {"execution_time": 0.15610003471374512, "passed": true}, "9": {"execution_time": 0.16649746894836426, "passed": true}, "10": {"execution_time": 0.18449950218200684, "passed": true}, "11": {"execution_time": 0.18632030487060547, "passed": true}, "12": {"execution_time": 0.15103578567504883, "passed": true}, "13": {"execution_time": 0.16482305526733398, "passed": true}, "14": {"execution_time": 0.19026565551757812, "passed": true}, "15": {"execution_time": 0.1990187168121338, "passed": true}, "16": {"execution_time": 0.16956734657287598, "passed": true}, "17": {"execution_time": 0.1916191577911377, "passed": true}, "18": {"execution_time": 0.1866617202758789, "passed": true}, "19": {"execution_time": 0.22734570503234863, "passed": true}, "20": {"execution_time": 0.18970036506652832, "passed": true}, "21": {"execution_time": 0.15099430084228516, "passed": true}, "22": {"execution_time": 0.2552456855773926, "passed": true}, "23": {"execution_time": 0.238722562789917, "passed": true}}}, "check_style_score": "1/1"}