{"version": "1", "message": "ERROR: Hidden Testcases server unreachable.", "problem_id": "ads2_m2_a1_1", "user_id": "Ravikrishna234", "score": {"sample": {"0": {"execution_time": 0.218231201171875, "passed": true}, "1": {"execution_time": 0.14974737167358398, "passed": true}, "2": {"execution_time": 0.1615145206451416, "passed": true}, "3": {"execution_time": 0.15066051483154297, "passed": true}, "4": {"execution_time": 0.15143036842346191, "passed": true}, "5": {"execution_time": 0.15124821662902832, "passed": true}, "6": {"execution_time": 0.15280818939208984, "passed": true}, "7": {"execution_time": 0.18354129791259766, "passed": true}, "8": {"execution_time": 0.1388416290283203, "passed": true}, "9": {"execution_time": 0.15093779563903809, "passed": true}, "10": {"execution_time": 0.18709349632263184, "passed": true}, "11": {"execution_time": 0.18968415260314941, "passed": true}, "12": {"execution_time": 0.1478574275970459, "passed": true}, "13": {"execution_time": 0.16743087768554688, "passed": true}, "14": {"execution_time": 0.21097183227539062, "passed": true}, "15": {"execution_time": 0.20932602882385254, "passed": true}, "16": {"execution_time": 0.18925189971923828, "passed": true}, "17": {"execution_time": 0.21333575248718262, "passed": true}, "18": {"execution_time": 0.19262075424194336, "passed": true}, "19": {"execution_time": 0.1889660358428955, "passed": true}, "20": {"execution_time": 0.18282485008239746, "passed": true}, "21": {"execution_time": 0.17438960075378418, "passed": true}, "22": {"execution_time": 0.21443748474121094, "passed": true}, "23": {"execution_time": 0.21463680267333984, "passed": true}}}, "check_style_score": "1/1"}