{"version": "1", "message": "ERROR: Hidden Testcases server unreachable.", "problem_id": "ads2_m2_a1_1", "user_id": "Ravikrishna234", "score": {"sample": {"0": {"execution_time": 0.15749454498291016, "passed": true}, "1": {"execution_time": 0.1879122257232666, "passed": true}, "2": {"execution_time": 0.15259075164794922, "passed": true}, "3": {"execution_time": 0.15798544883728027, "passed": true}, "4": {"execution_time": 0.16556048393249512, "passed": true}, "5": {"execution_time": 0.15085124969482422, "passed": true}, "6": {"execution_time": 0.1726977825164795, "passed": true}, "7": {"execution_time": 0.15299296379089355, "passed": true}, "8": {"execution_time": 0.16093182563781738, "passed": true}, "9": {"execution_time": 0.15100693702697754, "passed": true}, "10": {"execution_time": 0.17892837524414062, "passed": true}, "11": {"execution_time": 0.21407580375671387, "passed": true}, "12": {"execution_time": 0.15185546875, "passed": true}, "13": {"execution_time": 0.1545565128326416, "passed": true}, "14": {"execution_time": 0.17777395248413086, "passed": true}, "15": {"execution_time": 0.20932316780090332, "passed": true}, "16": {"execution_time": 0.17258858680725098, "passed": true}, "17": {"execution_time": 0.19887351989746094, "passed": true}, "18": {"execution_time": 0.1699962615966797, "passed": true}, "19": {"execution_time": 0.1981804370880127, "passed": true}, "20": {"execution_time": 0.18894648551940918, "passed": true}, "21": {"execution_time": 0.1702101230621338, "passed": true}, "22": {"execution_time": 0.23705267906188965, "passed": true}, "23": {"execution_time": 0.21819424629211426, "passed": true}}}, "check_style_score": "1/1"}