{"version": "1", "message": "ERROR: Hidden Testcases server unreachable.", "problem_id": "ads2_m2_a1_1", "user_id": "Ravikrishna234", "score": {"sample": {"0": {"execution_time": 0.2992527484893799, "passed": false}, "1": {"execution_time": 0.3185005187988281, "passed": false}, "2": {"execution_time": 0.35091662406921387, "passed": false}, "3": {"execution_time": 0.3923323154449463, "passed": false}, "4": {"execution_time": 0.31490635871887207, "passed": false}, "5": {"execution_time": 0.39371466636657715, "passed": false}, "6": {"execution_time": 0.19723844528198242, "passed": false}, "7": {"execution_time": 0.43389034271240234, "passed": false}, "8": {"execution_time": 0.4759964942932129, "passed": false}, "9": {"execution_time": 0.3959050178527832, "passed": false}, "10": {"execution_time": 0.3097984790802002, "passed": false}, "11": {"execution_time": 0.33240222930908203, "passed": false}, "12": {"execution_time": 0.2708404064178467, "passed": false}, "13": {"execution_time": 0.33220696449279785, "passed": false}, "14": {"execution_time": 0.46004748344421387, "passed": false}, "15": {"execution_time": 0.3350410461425781, "passed": false}, "16": {"execution_time": 0.32372212409973145, "passed": false}, "17": {"execution_time": 0.2985079288482666, "passed": false}, "18": {"execution_time": 0.381880521774292, "passed": false}, "19": {"execution_time": 0.42906785011291504, "passed": false}, "20": {"execution_time": 0.3865523338317871, "passed": false}, "21": {"execution_time": 0.344409704208374, "passed": false}, "22": {"execution_time": 0.4387176036834717, "passed": false}, "23": {"execution_time": 0.442246675491333, "passed": false}}}, "check_style_score": "0/1"}