{"version": "1", "message": "ERROR: Hidden Testcases server unreachable.", "problem_id": "ads2_m2_a1_1", "user_id": "Ravikrishna234", "score": {"sample": {"0": {"execution_time": 0.14426851272583008, "passed": false}, "1": {"execution_time": 0.14402246475219727, "passed": false}, "2": {"execution_time": 0.15071535110473633, "passed": false}, "3": {"execution_time": 0.15494108200073242, "passed": true}, "4": {"execution_time": 0.15681815147399902, "passed": false}, "5": {"execution_time": 0.14299559593200684, "passed": false}, "6": {"execution_time": 0.15337371826171875, "passed": false}, "7": {"execution_time": 0.2552793025970459, "passed": false}, "8": {"execution_time": 0.1426081657409668, "passed": false}, "9": {"execution_time": 0.1516740322113037, "passed": false}, "10": {"execution_time": 0.14205336570739746, "passed": false}, "11": {"execution_time": 0.14441227912902832, "passed": false}, "12": {"execution_time": 0.15733075141906738, "passed": false}, "13": {"execution_time": 0.1652076244354248, "passed": false}, "14": {"execution_time": 0.15405917167663574, "passed": false}, "15": {"execution_time": 0.15566062927246094, "passed": false}, "16": {"execution_time": 0.1441349983215332, "passed": false}, "17": {"execution_time": 0.16249465942382812, "passed": false}, "18": {"execution_time": 0.15709352493286133, "passed": false}, "19": {"execution_time": 0.14255547523498535, "passed": false}, "20": {"execution_time": 0.16194915771484375, "passed": false}, "21": {"execution_time": 0.143568754196167, "passed": false}, "22": {"execution_time": 0.14483976364135742, "passed": false}, "23": {"execution_time": 0.15511417388916016, "passed": false}}}, "check_style_score": "0/1"}