{"version": "1", "message": "ERROR: Hidden Testcases server unreachable.", "problem_id": "ads2_m2_a1_1", "user_id": "Ravikrishna234", "score": {"sample": {"0": {"execution_time": 0.2846972942352295, "passed": false}, "1": {"execution_time": 0.2909579277038574, "passed": false}, "2": {"execution_time": 0.28740501403808594, "passed": false}, "3": {"execution_time": 0.3386514186859131, "passed": false}, "4": {"execution_time": 0.2927396297454834, "passed": false}, "5": {"execution_time": 0.373671293258667, "passed": false}, "6": {"execution_time": 0.4512908458709717, "passed": false}, "7": {"execution_time": 0.2889366149902344, "passed": false}, "8": {"execution_time": 0.3362162113189697, "passed": false}, "9": {"execution_time": 0.2960391044616699, "passed": false}, "10": {"execution_time": 0.44940924644470215, "passed": false}, "11": {"execution_time": 0.391099214553833, "passed": false}, "12": {"execution_time": 0.26682233810424805, "passed": false}, "13": {"execution_time": 0.3754539489746094, "passed": false}, "14": {"execution_time": 0.3634223937988281, "passed": false}, "15": {"execution_time": 0.3221414089202881, "passed": false}, "16": {"execution_time": 0.2903738021850586, "passed": false}, "17": {"execution_time": 0.3113570213317871, "passed": false}, "18": {"execution_time": 0.33523035049438477, "passed": false}, "19": {"execution_time": 0.35173916816711426, "passed": false}, "20": {"execution_time": 0.3550271987915039, "passed": false}, "21": {"execution_time": 0.3467726707458496, "passed": false}, "22": {"execution_time": 0.2250041961669922, "passed": false}, "23": {"execution_time": 0.2855079174041748, "passed": false}}}, "check_style_score": "0/1"}