{"version": "1", "message": "ERROR: Hidden Testcases server unreachable.", "problem_id": "ads2_m2_a1_1", "user_id": "Ravikrishna234", "score": {"sample": {"0": {"execution_time": 0.4953148365020752, "passed": true}, "1": {"execution_time": 0.3834719657897949, "passed": true}, "2": {"execution_time": 0.33696699142456055, "passed": true}, "3": {"execution_time": 0.3735840320587158, "passed": true}, "4": {"execution_time": 0.30200815200805664, "passed": true}, "5": {"execution_time": 0.3012700080871582, "passed": true}, "6": {"execution_time": 0.41277384757995605, "passed": true}, "7": {"execution_time": 0.3174910545349121, "passed": true}, "8": {"execution_time": 0.25321340560913086, "passed": true}, "9": {"execution_time": 0.2998659610748291, "passed": true}, "10": {"execution_time": 0.21221089363098145, "passed": true}, "11": {"execution_time": 0.25804686546325684, "passed": true}, "12": {"execution_time": 0.4032778739929199, "passed": true}, "13": {"execution_time": 0.4082183837890625, "passed": true}, "14": {"execution_time": 0.2530698776245117, "passed": true}, "15": {"execution_time": 0.39138126373291016, "passed": true}, "16": {"execution_time": 0.299605131149292, "passed": true}, "17": {"execution_time": 0.3768806457519531, "passed": true}, "18": {"execution_time": 0.44377589225769043, "passed": true}, "19": {"execution_time": 0.3956003189086914, "passed": true}, "20": {"execution_time": 0.515155553817749, "passed": true}, "21": {"execution_time": 0.3405606746673584, "passed": true}, "22": {"execution_time": 0.39389801025390625, "passed": true}, "23": {"execution_time": 0.3959798812866211, "passed": true}}}, "check_style_score": "1/1"}