{"version": "1", "message": "ERROR: Hidden Testcases server unreachable.", "problem_id": "ads2_m2_a1_1", "user_id": "Ravikrishna234", "score": {"sample": {"0": {"execution_time": 0.49415135383605957, "passed": true}, "1": {"execution_time": 0.2995936870574951, "passed": true}, "2": {"execution_time": 0.29119443893432617, "passed": false}, "3": {"execution_time": 0.30721545219421387, "passed": true}, "4": {"execution_time": 0.2642083168029785, "passed": false}, "5": {"execution_time": 0.19799494743347168, "passed": true}, "6": {"execution_time": 0.35820817947387695, "passed": false}, "7": {"execution_time": 0.2824697494506836, "passed": false}, "8": {"execution_time": 0.25180554389953613, "passed": false}, "9": {"execution_time": 0.3657221794128418, "passed": false}, "10": {"execution_time": 0.21195721626281738, "passed": false}, "11": {"execution_time": 0.2773323059082031, "passed": false}, "12": {"execution_time": 0.24298405647277832, "passed": false}, "13": {"execution_time": 0.306011438369751, "passed": true}, "14": {"execution_time": 0.2944681644439697, "passed": false}, "15": {"execution_time": 0.36497998237609863, "passed": true}, "16": {"execution_time": 0.25026416778564453, "passed": false}, "17": {"execution_time": 0.3103351593017578, "passed": false}, "18": {"execution_time": 0.3611948490142822, "passed": false}, "19": {"execution_time": 0.4051938056945801, "passed": false}, "20": {"execution_time": 0.29358386993408203, "passed": false}, "21": {"execution_time": 0.4018218517303467, "passed": false}, "22": {"execution_time": 0.40326666831970215, "passed": false}, "23": {"execution_time": 0.3874845504760742, "passed": false}}}, "check_style_score": "0/1"}