{"version": "1", "message": "ERROR: Hidden Testcases server unreachable.", "problem_id": "ads2_m2_a1_1", "user_id": "Ravikrishna234", "score": {"sample": {"0": {"execution_time": 0.403148889541626, "passed": true}, "1": {"execution_time": 0.2599527835845947, "passed": true}, "2": {"execution_time": 0.35846376419067383, "passed": false}, "3": {"execution_time": 0.4781036376953125, "passed": true}, "4": {"execution_time": 0.340362548828125, "passed": false}, "5": {"execution_time": 0.28287625312805176, "passed": true}, "6": {"execution_time": 0.2985212802886963, "passed": false}, "7": {"execution_time": 0.29770541191101074, "passed": false}, "8": {"execution_time": 0.38201332092285156, "passed": false}, "9": {"execution_time": 0.2000892162322998, "passed": false}, "10": {"execution_time": 0.3534202575683594, "passed": false}, "11": {"execution_time": 0.22791290283203125, "passed": false}, "12": {"execution_time": 0.29015398025512695, "passed": false}, "13": {"execution_time": 0.2644209861755371, "passed": true}, "14": {"execution_time": 0.2875478267669678, "passed": false}, "15": {"execution_time": 0.29996800422668457, "passed": true}, "16": {"execution_time": 0.379880428314209, "passed": false}, "17": {"execution_time": 0.3441030979156494, "passed": false}, "18": {"execution_time": 0.28124070167541504, "passed": false}, "19": {"execution_time": 0.38983583450317383, "passed": false}, "20": {"execution_time": 0.3735065460205078, "passed": false}, "21": {"execution_time": 0.3309323787689209, "passed": false}, "22": {"execution_time": 0.37180519104003906, "passed": false}, "23": {"execution_time": 0.5233414173126221, "passed": false}}}, "check_style_score": "0/1"}