{"version": "1", "message": "ERROR: Hidden Testcases server unreachable.", "problem_id": "ads2_m2_a1_1", "user_id": "Ravikrishna234", "score": {"sample": {"0": {"execution_time": 0.18478631973266602, "passed": true}, "1": {"execution_time": 0.14539456367492676, "passed": true}, "2": {"execution_time": 0.16359162330627441, "passed": true}, "3": {"execution_time": 0.1564798355102539, "passed": true}, "4": {"execution_time": 0.1607823371887207, "passed": true}, "5": {"execution_time": 0.157179594039917, "passed": true}, "6": {"execution_time": 0.1512596607208252, "passed": true}, "7": {"execution_time": 0.18851733207702637, "passed": true}, "8": {"execution_time": 0.171952486038208, "passed": true}, "9": {"execution_time": 0.15082836151123047, "passed": true}, "10": {"execution_time": 0.15998339653015137, "passed": true}, "11": {"execution_time": 0.19590234756469727, "passed": true}, "12": {"execution_time": 0.15084290504455566, "passed": true}, "13": {"execution_time": 0.15838265419006348, "passed": true}, "14": {"execution_time": 0.1834275722503662, "passed": true}, "15": {"execution_time": 0.18832826614379883, "passed": true}, "16": {"execution_time": 0.19747591018676758, "passed": true}, "17": {"execution_time": 0.2045600414276123, "passed": true}, "18": {"execution_time": 0.1818556785583496, "passed": true}, "19": {"execution_time": 0.20265483856201172, "passed": true}, "20": {"execution_time": 0.23480868339538574, "passed": true}, "21": {"execution_time": 0.13978242874145508, "passed": true}, "22": {"execution_time": 0.24352145195007324, "passed": true}, "23": {"execution_time": 0.217803955078125, "passed": true}}}, "check_style_score": "1/1"}