{"version": "1", "message": "ERROR: Hidden Testcases server unreachable.", "problem_id": "ads2_m2_a1_1", "user_id": "Ravikrishna234", "score": {"sample": {"0": {"execution_time": 0.4081568717956543, "passed": true}, "1": {"execution_time": 0.38239097595214844, "passed": true}, "2": {"execution_time": 0.35820889472961426, "passed": true}, "3": {"execution_time": 0.4087033271789551, "passed": true}, "4": {"execution_time": 0.24159550666809082, "passed": true}, "5": {"execution_time": 0.3491685390472412, "passed": true}, "6": {"execution_time": 0.30490827560424805, "passed": true}, "7": {"execution_time": 0.31702327728271484, "passed": true}, "8": {"execution_time": 0.3082242012023926, "passed": true}, "9": {"execution_time": 0.2813735008239746, "passed": true}, "10": {"execution_time": 0.24904203414916992, "passed": true}, "11": {"execution_time": 0.2827279567718506, "passed": true}, "12": {"execution_time": 0.3028562068939209, "passed": true}, "13": {"execution_time": 0.27619314193725586, "passed": true}, "14": {"execution_time": 0.2682514190673828, "passed": true}, "15": {"execution_time": 0.457200288772583, "passed": true}, "16": {"execution_time": 0.3814244270324707, "passed": true}, "17": {"execution_time": 0.27354001998901367, "passed": true}, "18": {"execution_time": 0.3508882522583008, "passed": true}, "19": {"execution_time": 0.3356668949127197, "passed": true}, "20": {"execution_time": 0.3650524616241455, "passed": true}, "21": {"execution_time": 0.3820047378540039, "passed": true}, "22": {"execution_time": 0.3976867198944092, "passed": true}, "23": {"execution_time": 0.4450678825378418, "passed": true}}}, "check_style_score": "1/1"}