{"version": "1", "message": "ERROR: Hidden Testcases server unreachable.", "problem_id": "ads2_m2_a1_1", "user_id": "Ravikrishna234", "score": {"sample": {"0": {"execution_time": 0.18528246879577637, "passed": true}, "1": {"execution_time": 0.16669297218322754, "passed": true}, "2": {"execution_time": 0.15303802490234375, "passed": true}, "3": {"execution_time": 0.15159940719604492, "passed": true}, "4": {"execution_time": 0.20613813400268555, "passed": true}, "5": {"execution_time": 0.16112065315246582, "passed": true}, "6": {"execution_time": 0.16272640228271484, "passed": true}, "7": {"execution_time": 0.19001197814941406, "passed": true}, "8": {"execution_time": 0.15532517433166504, "passed": true}, "9": {"execution_time": 0.15161347389221191, "passed": true}, "10": {"execution_time": 0.17287969589233398, "passed": true}, "11": {"execution_time": 0.17264938354492188, "passed": true}, "12": {"execution_time": 0.15485095977783203, "passed": true}, "13": {"execution_time": 0.1527259349822998, "passed": true}, "14": {"execution_time": 0.18382477760314941, "passed": true}, "15": {"execution_time": 0.18936967849731445, "passed": true}, "16": {"execution_time": 0.18104219436645508, "passed": true}, "17": {"execution_time": 0.19915175437927246, "passed": true}, "18": {"execution_time": 0.18274378776550293, "passed": true}, "19": {"execution_time": 0.21401166915893555, "passed": true}, "20": {"execution_time": 0.19786429405212402, "passed": true}, "21": {"execution_time": 0.17780065536499023, "passed": true}, "22": {"execution_time": 0.23401832580566406, "passed": true}, "23": {"execution_time": 0.21909308433532715, "passed": true}}}, "check_style_score": "0/1"}