{"version": "1", "message": "ERROR: Hidden Testcases server unreachable.", "problem_id": "ads2_m2_a1_1", "user_id": "Ravikrishna234", "score": {"sample": {"0": {"execution_time": 0.19988799095153809, "passed": false}, "1": {"execution_time": 0.15371108055114746, "passed": false}, "2": {"execution_time": 0.18597102165222168, "passed": false}, "3": {"execution_time": 0.21100735664367676, "passed": false}, "4": {"execution_time": 0.15192842483520508, "passed": false}, "5": {"execution_time": 0.16437101364135742, "passed": false}, "6": {"execution_time": 0.1795353889465332, "passed": false}, "7": {"execution_time": 0.15653753280639648, "passed": false}, "8": {"execution_time": 0.19348955154418945, "passed": false}, "9": {"execution_time": 0.19656991958618164, "passed": false}, "10": {"execution_time": 0.27377748489379883, "passed": false}, "11": {"execution_time": 0.1787865161895752, "passed": false}, "12": {"execution_time": 0.2685816287994385, "passed": false}, "13": {"execution_time": 0.271655797958374, "passed": false}, "14": {"execution_time": 0.19541239738464355, "passed": false}, "15": {"execution_time": 0.31008338928222656, "passed": false}, "16": {"execution_time": 0.18195295333862305, "passed": false}, "17": {"execution_time": 0.1792771816253662, "passed": false}, "18": {"execution_time": 0.18856024742126465, "passed": false}, "19": {"execution_time": 0.18934845924377441, "passed": false}, "20": {"execution_time": 0.1550600528717041, "passed": false}, "21": {"execution_time": 0.20296049118041992, "passed": false}, "22": {"execution_time": 0.15251708030700684, "passed": false}, "23": {"execution_time": 0.19916820526123047, "passed": false}}}, "check_style_score": "0/1"}