{"version": "1", "message": "ERROR: Hidden Testcases server unreachable.", "problem_id": "ads2_m2_a1_1", "user_id": "Ravikrishna234", "score": {"sample": {"0": {"execution_time": 0.19467902183532715, "passed": true}, "1": {"execution_time": 0.18438220024108887, "passed": true}, "2": {"execution_time": 0.1722698211669922, "passed": true}, "3": {"execution_time": 0.1659700870513916, "passed": true}, "4": {"execution_time": 0.1725764274597168, "passed": true}, "5": {"execution_time": 0.16784358024597168, "passed": true}, "6": {"execution_time": 0.1388702392578125, "passed": true}, "7": {"execution_time": 0.1873612403869629, "passed": true}, "8": {"execution_time": 0.15108394622802734, "passed": true}, "9": {"execution_time": 0.1526660919189453, "passed": true}, "10": {"execution_time": 0.17359709739685059, "passed": true}, "11": {"execution_time": 0.1774587631225586, "passed": true}, "12": {"execution_time": 0.15833091735839844, "passed": true}, "13": {"execution_time": 0.15051054954528809, "passed": true}, "14": {"execution_time": 0.16156339645385742, "passed": true}, "15": {"execution_time": 0.1830918788909912, "passed": true}, "16": {"execution_time": 0.18921470642089844, "passed": true}, "17": {"execution_time": 0.18988752365112305, "passed": true}, "18": {"execution_time": 0.18276548385620117, "passed": true}, "19": {"execution_time": 0.23559308052062988, "passed": true}, "20": {"execution_time": 0.21996498107910156, "passed": true}, "21": {"execution_time": 0.20151734352111816, "passed": true}, "22": {"execution_time": 0.21839475631713867, "passed": true}, "23": {"execution_time": 0.20529603958129883, "passed": true}}}, "check_style_score": "0/1"}