{"version": "1", "message": "ERROR: Hidden Testcases server unreachable.", "problem_id": "ads2_m2_a1_1", "user_id": "Ravikrishna234", "score": {"sample": {"0": {"execution_time": 0.16872859001159668, "passed": true}, "1": {"execution_time": 0.15133357048034668, "passed": true}, "2": {"execution_time": 0.1651320457458496, "passed": true}, "3": {"execution_time": 0.15118813514709473, "passed": true}, "4": {"execution_time": 0.1511366367340088, "passed": true}, "5": {"execution_time": 0.15074372291564941, "passed": true}, "6": {"execution_time": 0.153914213180542, "passed": true}, "7": {"execution_time": 0.16317272186279297, "passed": true}, "8": {"execution_time": 0.15188002586364746, "passed": true}, "9": {"execution_time": 0.16846704483032227, "passed": true}, "10": {"execution_time": 0.15102767944335938, "passed": true}, "11": {"execution_time": 0.203995943069458, "passed": true}, "12": {"execution_time": 0.15062212944030762, "passed": true}, "13": {"execution_time": 0.22998476028442383, "passed": true}, "14": {"execution_time": 0.17678093910217285, "passed": true}, "15": {"execution_time": 0.2137432098388672, "passed": true}, "16": {"execution_time": 0.21999692916870117, "passed": true}, "17": {"execution_time": 0.19829487800598145, "passed": true}, "18": {"execution_time": 0.17459940910339355, "passed": true}, "19": {"execution_time": 0.19949698448181152, "passed": true}, "20": {"execution_time": 0.21718883514404297, "passed": true}, "21": {"execution_time": 0.15119051933288574, "passed": true}, "22": {"execution_time": 0.26175785064697266, "passed": true}, "23": {"execution_time": 0.24500203132629395, "passed": true}}}, "check_style_score": "1/1"}