{"version": "1", "message": "ERROR: Hidden Testcases server unreachable.", "problem_id": "ads2_m2_a1_1", "user_id": "Ravikrishna234", "score": {"sample": {"0": {"execution_time": 0.42588162422180176, "passed": true}, "1": {"execution_time": 0.36356210708618164, "passed": true}, "2": {"execution_time": 0.48611879348754883, "passed": false}, "3": {"execution_time": 0.38547396659851074, "passed": true}, "4": {"execution_time": 0.46829915046691895, "passed": false}, "5": {"execution_time": 0.3189585208892822, "passed": false}, "6": {"execution_time": 0.33685302734375, "passed": false}, "7": {"execution_time": 0.24219632148742676, "passed": false}, "8": {"execution_time": 0.3690359592437744, "passed": false}, "9": {"execution_time": 0.27542662620544434, "passed": false}, "10": {"execution_time": 0.2134084701538086, "passed": false}, "11": {"execution_time": 0.40559816360473633, "passed": false}, "12": {"execution_time": 0.3801755905151367, "passed": false}, "13": {"execution_time": 0.34082746505737305, "passed": true}, "14": {"execution_time": 0.30615735054016113, "passed": false}, "15": {"execution_time": 0.3403944969177246, "passed": true}, "16": {"execution_time": 0.31578564643859863, "passed": false}, "17": {"execution_time": 0.48285388946533203, "passed": false}, "18": {"execution_time": 0.318570613861084, "passed": false}, "19": {"execution_time": 0.3826577663421631, "passed": false}, "20": {"execution_time": 0.37758684158325195, "passed": false}, "21": {"execution_time": 0.3554847240447998, "passed": false}, "22": {"execution_time": 0.34102582931518555, "passed": false}, "23": {"execution_time": 0.3160703182220459, "passed": false}}}, "check_style_score": "0/1"}