{"version": "1", "message": "ERROR: Hidden Testcases server unreachable.", "problem_id": "ads2_m2_a1_1", "user_id": "Ravikrishna234", "score": {"sample": {"0": {"execution_time": 0.16751575469970703, "passed": true}, "1": {"execution_time": 0.16504359245300293, "passed": true}, "2": {"execution_time": 0.1595621109008789, "passed": true}, "3": {"execution_time": 0.15218234062194824, "passed": true}, "4": {"execution_time": 0.15289998054504395, "passed": true}, "5": {"execution_time": 0.16603994369506836, "passed": true}, "6": {"execution_time": 0.18750667572021484, "passed": true}, "7": {"execution_time": 0.16030406951904297, "passed": true}, "8": {"execution_time": 0.17397308349609375, "passed": true}, "9": {"execution_time": 0.15272212028503418, "passed": true}, "10": {"execution_time": 0.18224477767944336, "passed": true}, "11": {"execution_time": 0.16322064399719238, "passed": true}, "12": {"execution_time": 0.1524944305419922, "passed": true}, "13": {"execution_time": 0.17239069938659668, "passed": true}, "14": {"execution_time": 0.1550307273864746, "passed": true}, "15": {"execution_time": 0.18242120742797852, "passed": true}, "16": {"execution_time": 0.3238680362701416, "passed": true}, "17": {"execution_time": 0.2132737636566162, "passed": true}, "18": {"execution_time": 0.17316579818725586, "passed": true}, "19": {"execution_time": 0.21505165100097656, "passed": true}, "20": {"execution_time": 0.1862039566040039, "passed": true}, "21": {"execution_time": 0.15160369873046875, "passed": true}, "22": {"execution_time": 0.24119305610656738, "passed": true}, "23": {"execution_time": 0.23578476905822754, "passed": true}}}, "check_style_score": "0/1"}