{"version": "1", "message": "ERROR: Hidden Testcases server unreachable.", "problem_id": "ads2_m2_a1_1", "user_id": "Ravikrishna234", "score": {"sample": {"0": {"execution_time": 0.19202518463134766, "passed": true}, "1": {"execution_time": 0.16811728477478027, "passed": true}, "2": {"execution_time": 0.15206360816955566, "passed": true}, "3": {"execution_time": 0.1654508113861084, "passed": true}, "4": {"execution_time": 0.16554713249206543, "passed": true}, "5": {"execution_time": 0.1593625545501709, "passed": true}, "6": {"execution_time": 0.16675090789794922, "passed": true}, "7": {"execution_time": 0.17796540260314941, "passed": true}, "8": {"execution_time": 0.16631007194519043, "passed": true}, "9": {"execution_time": 0.15056324005126953, "passed": true}, "10": {"execution_time": 0.17049908638000488, "passed": true}, "11": {"execution_time": 0.15106630325317383, "passed": true}, "12": {"execution_time": 0.15230560302734375, "passed": true}, "13": {"execution_time": 0.15793180465698242, "passed": true}, "14": {"execution_time": 0.15731215476989746, "passed": true}, "15": {"execution_time": 0.18634533882141113, "passed": true}, "16": {"execution_time": 0.1808640956878662, "passed": true}, "17": {"execution_time": 0.19716405868530273, "passed": true}, "18": {"execution_time": 0.17142748832702637, "passed": true}, "19": {"execution_time": 0.21813249588012695, "passed": true}, "20": {"execution_time": 0.1972980499267578, "passed": true}, "21": {"execution_time": 0.16036415100097656, "passed": true}, "22": {"execution_time": 0.2239992618560791, "passed": true}, "23": {"execution_time": 0.2041492462158203, "passed": true}}}, "check_style_score": "0/1"}