{"version": "1", "message": "ERROR: Hidden Testcases server unreachable.", "problem_id": "ads2_m2_a1_1", "user_id": "Ravikrishna234", "score": {"sample": {"0": {"execution_time": 0.23802447319030762, "passed": true}, "1": {"execution_time": 0.16696953773498535, "passed": true}, "2": {"execution_time": 0.17631983757019043, "passed": true}, "3": {"execution_time": 0.15032672882080078, "passed": true}, "4": {"execution_time": 0.16929960250854492, "passed": true}, "5": {"execution_time": 0.17152810096740723, "passed": true}, "6": {"execution_time": 0.17289996147155762, "passed": true}, "7": {"execution_time": 0.15590643882751465, "passed": true}, "8": {"execution_time": 0.16923165321350098, "passed": true}, "9": {"execution_time": 0.1950211524963379, "passed": true}, "10": {"execution_time": 0.15787172317504883, "passed": true}, "11": {"execution_time": 0.16600847244262695, "passed": true}, "12": {"execution_time": 0.15289878845214844, "passed": true}, "13": {"execution_time": 0.15764784812927246, "passed": true}, "14": {"execution_time": 0.15487933158874512, "passed": true}, "15": {"execution_time": 0.17753005027770996, "passed": true}, "16": {"execution_time": 0.20197367668151855, "passed": true}, "17": {"execution_time": 0.21889448165893555, "passed": true}, "18": {"execution_time": 0.1826491355895996, "passed": true}, "19": {"execution_time": 0.20284509658813477, "passed": true}, "20": {"execution_time": 0.1820812225341797, "passed": true}, "21": {"execution_time": 0.17215681076049805, "passed": true}, "22": {"execution_time": 0.24155092239379883, "passed": true}, "23": {"execution_time": 0.2252790927886963, "passed": true}}}, "check_style_score": "1/1"}