{"version": "1", "message": "ERROR: Hidden Testcases server unreachable.", "problem_id": "ads2_m2_a1_1", "user_id": "Ravikrishna234", "score": {"sample": {"0": {"execution_time": 0.186553955078125, "passed": false}, "1": {"execution_time": 0.18753457069396973, "passed": false}, "2": {"execution_time": 0.180070161819458, "passed": false}, "3": {"execution_time": 0.2021338939666748, "passed": false}, "4": {"execution_time": 0.17311406135559082, "passed": false}, "5": {"execution_time": 0.20090556144714355, "passed": false}, "6": {"execution_time": 0.1673111915588379, "passed": false}, "7": {"execution_time": 0.1793818473815918, "passed": false}, "8": {"execution_time": 0.21085143089294434, "passed": false}, "9": {"execution_time": 0.1776876449584961, "passed": false}, "10": {"execution_time": 0.16576552391052246, "passed": false}, "11": {"execution_time": 0.18700027465820312, "passed": false}, "12": {"execution_time": 0.21473407745361328, "passed": false}, "13": {"execution_time": 0.18005990982055664, "passed": false}, "14": {"execution_time": 0.1823596954345703, "passed": false}, "15": {"execution_time": 0.20364093780517578, "passed": false}, "16": {"execution_time": 0.17083978652954102, "passed": false}, "17": {"execution_time": 0.16222167015075684, "passed": false}, "18": {"execution_time": 0.19529223442077637, "passed": false}, "19": {"execution_time": 0.18626928329467773, "passed": false}, "20": {"execution_time": 0.1659412384033203, "passed": false}, "21": {"execution_time": 0.21110105514526367, "passed": false}, "22": {"execution_time": 0.1895737648010254, "passed": false}, "23": {"execution_time": 0.1927204132080078, "passed": false}}}, "check_style_score": "0/1"}