{"version": "1", "message": "ERROR: Hidden Testcases server unreachable.", "problem_id": "ads2_m2_a1_1", "user_id": "Ravikrishna234", "score": {"sample": {"0": {"execution_time": 0.18650579452514648, "passed": false}, "1": {"execution_time": 0.1822521686553955, "passed": false}, "2": {"execution_time": 0.18757319450378418, "passed": false}, "3": {"execution_time": 0.1440575122833252, "passed": true}, "4": {"execution_time": 0.14712095260620117, "passed": false}, "5": {"execution_time": 0.1448652744293213, "passed": false}, "6": {"execution_time": 0.14243674278259277, "passed": false}, "7": {"execution_time": 0.14795160293579102, "passed": false}, "8": {"execution_time": 0.16117215156555176, "passed": false}, "9": {"execution_time": 0.15855097770690918, "passed": false}, "10": {"execution_time": 0.1434645652770996, "passed": false}, "11": {"execution_time": 0.15319347381591797, "passed": false}, "12": {"execution_time": 0.1611793041229248, "passed": false}, "13": {"execution_time": 0.1535484790802002, "passed": false}, "14": {"execution_time": 0.1444404125213623, "passed": false}, "15": {"execution_time": 0.16212201118469238, "passed": false}, "16": {"execution_time": 0.1437397003173828, "passed": false}, "17": {"execution_time": 0.16283702850341797, "passed": false}, "18": {"execution_time": 0.14661955833435059, "passed": false}, "19": {"execution_time": 0.1509075164794922, "passed": false}, "20": {"execution_time": 0.14712953567504883, "passed": false}, "21": {"execution_time": 0.1410045623779297, "passed": false}, "22": {"execution_time": 0.14925718307495117, "passed": false}, "23": {"execution_time": 0.1559450626373291, "passed": false}}}, "check_style_score": "0/1"}