{"version": "1", "message": "ERROR: Hidden Testcases server unreachable.", "problem_id": "ads2_m4_a1_1", "user_id": "Ravikrishna234", "score": {"sample": {"0": {"execution_time": 0.5756115913391113, "passed": true}, "1": {"execution_time": 0.4993305206298828, "passed": true}, "2": {"execution_time": 0.5663392543792725, "passed": true}, "3": {"execution_time": 0.49493861198425293, "passed": true}, "4": {"execution_time": 0.4461343288421631, "passed": true}, "5": {"execution_time": 0.4455385208129883, "passed": true}, "6": {"execution_time": 0.2717430591583252, "passed": true}, "7": {"execution_time": 0.27858519554138184, "passed": true}, "8": {"execution_time": 0.3061037063598633, "passed": true}, "9": {"execution_time": 3.1897380352020264, "passed": true}, "10": {"execution_time": 0.428725004196167, "passed": true}, "11": {"execution_time": 0.480501651763916, "passed": true}, "12": {"execution_time": 0.3764035701751709, "passed": true}, "13": {"execution_time": 1.8360273838043213, "passed": true}, "14": {"execution_time": 0.5733151435852051, "passed": true}}}, "check_style_score": "0/1"}