{"version": "1", "message": "ERROR: Hidden Testcases server unreachable.", "problem_id": "ads2_m4_a1_1", "user_id": "Ravikrishna234", "score": {"sample": {"0": {"execution_time": 0.19767212867736816, "passed": true}, "1": {"execution_time": 0.20644712448120117, "passed": true}, "2": {"execution_time": 0.22839593887329102, "passed": true}, "3": {"execution_time": 0.22206878662109375, "passed": true}, "4": {"execution_time": 0.20503640174865723, "passed": true}, "5": {"execution_time": 0.25376200675964355, "passed": true}, "6": {"execution_time": 0.19907355308532715, "passed": true}, "7": {"execution_time": 0.19475817680358887, "passed": true}, "8": {"execution_time": 0.20175814628601074, "passed": true}, "9": {"execution_time": 0.19794154167175293, "passed": true}, "10": {"execution_time": 0.18100833892822266, "passed": true}, "11": {"execution_time": 0.1665041446685791, "passed": true}, "12": {"execution_time": 0.16593527793884277, "passed": true}, "13": {"execution_time": 0.9345555305480957, "passed": true}, "14": {"execution_time": 0.17410612106323242, "passed": true}}}, "check_style_score": "0/1"}