{"version": "1", "message": "ERROR: Hidden Testcases server unreachable.", "problem_id": "ads2_m4_a1_1", "user_id": "Ravikrishna234", "score": {"sample": {"0": {"execution_time": 0.20406341552734375, "passed": true}, "1": {"execution_time": 0.16491293907165527, "passed": false}, "2": {"execution_time": 0.16382408142089844, "passed": false}, "3": {"execution_time": 0.16141343116760254, "passed": false}, "4": {"execution_time": 0.20822572708129883, "passed": true}, "5": {"execution_time": 0.18092942237854004, "passed": true}, "6": {"execution_time": 0.18013715744018555, "passed": true}, "7": {"execution_time": 0.18436503410339355, "passed": true}, "8": {"execution_time": 0.1974046230316162, "passed": true}, "9": {"execution_time": 0.16864323616027832, "passed": true}, "10": {"execution_time": 0.17973661422729492, "passed": true}, "11": {"execution_time": 0.16655468940734863, "passed": true}, "12": {"execution_time": 0.16298723220825195, "passed": true}, "13": {"execution_time": 0.17947649955749512, "passed": false}, "14": {"execution_time": 0.16139721870422363, "passed": true}}}, "check_style_score": "0/1"}