{"version": "1", "message": "ERROR: Hidden Testcases server unreachable.", "problem_id": "ads2_m4_a1_1", "user_id": "Ravikrishna234", "score": {"sample": {"0": {"execution_time": 0.22649526596069336, "passed": true}, "1": {"execution_time": 0.18615293502807617, "passed": true}, "2": {"execution_time": 0.22490525245666504, "passed": true}, "3": {"execution_time": 0.2238306999206543, "passed": true}, "4": {"execution_time": 0.18684649467468262, "passed": true}, "5": {"execution_time": 0.19458222389221191, "passed": true}, "6": {"execution_time": 0.18146491050720215, "passed": true}, "7": {"execution_time": 0.195115327835083, "passed": true}, "8": {"execution_time": 0.2183084487915039, "passed": true}, "9": {"execution_time": 0.16284537315368652, "passed": true}, "10": {"execution_time": 0.18710923194885254, "passed": true}, "11": {"execution_time": 0.1628873348236084, "passed": true}, "12": {"execution_time": 0.17853236198425293, "passed": true}, "13": {"execution_time": 0.8139839172363281, "passed": true}, "14": {"execution_time": 0.1630706787109375, "passed": true}}}, "check_style_score": "0/1"}