{"version": "1", "message": "ERROR: Hidden Testcases server unreachable.", "problem_id": "ads2_m4_a1_1", "user_id": "Ravikrishna234", "score": {"sample": {"0": {"execution_time": 0.5411741733551025, "passed": true}, "1": {"execution_time": 0.4112732410430908, "passed": true}, "2": {"execution_time": 0.3641970157623291, "passed": true}, "3": {"execution_time": 0.3747591972351074, "passed": true}, "4": {"execution_time": 0.338606595993042, "passed": true}, "5": {"execution_time": 3.1870856285095215, "passed": true}, "6": {"execution_time": 0.24959087371826172, "passed": true}, "7": {"execution_time": 0.35849571228027344, "passed": true}, "8": {"execution_time": 0.4814598560333252, "passed": true}, "9": {"execution_time": 0.3264493942260742, "passed": true}, "10": {"execution_time": 0.3314785957336426, "passed": true}, "11": {"execution_time": 0.3068969249725342, "passed": true}, "12": {"execution_time": 0.3088419437408447, "passed": true}, "13": {"execution_time": 1.2152647972106934, "passed": true}, "14": {"execution_time": 0.30554866790771484, "passed": true}}}, "check_style_score": "0/1"}