{"version": "1", "message": "ERROR: Hidden Testcases server unreachable.", "problem_id": "ads2_m4_a1_1", "user_id": "Ravikrishna234", "score": {"sample": {"0": {"execution_time": 0.2347264289855957, "passed": true}, "1": {"execution_time": 0.16930532455444336, "passed": false}, "2": {"execution_time": 0.17625927925109863, "passed": false}, "3": {"execution_time": 0.1598367691040039, "passed": false}, "4": {"execution_time": 0.19398093223571777, "passed": true}, "5": {"execution_time": 0.17894339561462402, "passed": true}, "6": {"execution_time": 0.18410348892211914, "passed": true}, "7": {"execution_time": 0.18107986450195312, "passed": true}, "8": {"execution_time": 0.1965320110321045, "passed": true}, "9": {"execution_time": 0.1627955436706543, "passed": true}, "10": {"execution_time": 0.16452479362487793, "passed": true}, "11": {"execution_time": 0.17176508903503418, "passed": true}, "12": {"execution_time": 0.16333603858947754, "passed": true}, "13": {"execution_time": 0.16083860397338867, "passed": false}, "14": {"execution_time": 0.19011878967285156, "passed": true}}}, "check_style_score": "0/1"}