{"version": "1", "message": "ERROR: Hidden Testcases server unreachable.", "problem_id": "ads2_m4_a1_1", "user_id": "Ravikrishna234", "score": {"sample": {"0": {"execution_time": 0.4106881618499756, "passed": true}, "1": {"execution_time": 0.3382568359375, "passed": true}, "2": {"execution_time": 0.5247929096221924, "passed": true}, "3": {"execution_time": 0.4482860565185547, "passed": true}, "4": {"execution_time": 0.4242370128631592, "passed": true}, "5": {"execution_time": 0.28894853591918945, "passed": true}, "6": {"execution_time": 0.20711421966552734, "passed": true}, "7": {"execution_time": 3.3351221084594727, "passed": true}, "8": {"execution_time": 0.20044803619384766, "passed": true}, "9": {"execution_time": 0.16285467147827148, "passed": true}, "10": {"execution_time": 0.1620488166809082, "passed": true}, "11": {"execution_time": 0.18849563598632812, "passed": true}, "12": {"execution_time": 0.1775987148284912, "passed": true}, "13": {"execution_time": 0.8412351608276367, "passed": true}, "14": {"execution_time": 0.18572354316711426, "passed": true}}}, "check_style_score": "0/1"}