{"version": "1", "message": "ERROR: Hidden Testcases server unreachable.", "problem_id": "ads2_m4_a1_1", "user_id": "Ravikrishna234", "score": {"sample": {"0": {"execution_time": 0.23958897590637207, "passed": true}, "1": {"execution_time": 0.2181682586669922, "passed": true}, "2": {"execution_time": 0.2129063606262207, "passed": true}, "3": {"execution_time": 0.22925162315368652, "passed": true}, "4": {"execution_time": 0.18587327003479004, "passed": true}, "5": {"execution_time": 0.18649935722351074, "passed": true}, "6": {"execution_time": 0.17986226081848145, "passed": true}, "7": {"execution_time": 0.18726205825805664, "passed": true}, "8": {"execution_time": 0.20119714736938477, "passed": true}, "9": {"execution_time": 0.17948484420776367, "passed": true}, "10": {"execution_time": 0.17938542366027832, "passed": true}, "11": {"execution_time": 0.18357443809509277, "passed": true}, "12": {"execution_time": 0.16986393928527832, "passed": true}, "13": {"execution_time": 0.7861785888671875, "passed": true}, "14": {"execution_time": 0.1638627052307129, "passed": true}}}, "check_style_score": "0/1"}