{"version": "1", "message": "ERROR: Hidden Testcases server unreachable.", "problem_id": "ads2_m4_a1_1", "user_id": "Ravikrishna234", "score": {"sample": {"0": {"execution_time": 0.3119969367980957, "passed": true}, "1": {"execution_time": 0.25663065910339355, "passed": false}, "2": {"execution_time": 0.30599355697631836, "passed": false}, "3": {"execution_time": 0.3867771625518799, "passed": false}, "4": {"execution_time": 0.2894861698150635, "passed": false}, "5": {"execution_time": 0.24433612823486328, "passed": false}, "6": {"execution_time": 0.37020063400268555, "passed": false}, "7": {"execution_time": 0.22890448570251465, "passed": false}, "8": {"execution_time": 0.2890632152557373, "passed": true}, "9": {"execution_time": 0.3804657459259033, "passed": true}, "10": {"execution_time": 0.381258487701416, "passed": true}, "11": {"execution_time": 0.33977603912353516, "passed": false}, "12": {"execution_time": 0.27449464797973633, "passed": false}, "13": {"execution_time": 1.200026512145996, "passed": false}, "14": {"execution_time": 0.501516580581665, "passed": true}}}, "check_style_score": "0/1"}