{"version": "1", "message": "ERROR: Hidden Testcases server unreachable.", "problem_id": "ads2_m4_a1_1", "user_id": "Ravikrishna234", "score": {"sample": {"0": {"execution_time": 0.22555994987487793, "passed": true}, "1": {"execution_time": 0.16068744659423828, "passed": false}, "2": {"execution_time": 0.1901683807373047, "passed": false}, "3": {"execution_time": 0.1612846851348877, "passed": false}, "4": {"execution_time": 0.19176340103149414, "passed": true}, "5": {"execution_time": 0.20026159286499023, "passed": true}, "6": {"execution_time": 0.19439005851745605, "passed": true}, "7": {"execution_time": 0.2197411060333252, "passed": true}, "8": {"execution_time": 0.22120976448059082, "passed": true}, "9": {"execution_time": 2.5190975666046143, "passed": true}, "10": {"execution_time": 0.162583589553833, "passed": true}, "11": {"execution_time": 0.1875166893005371, "passed": true}, "12": {"execution_time": 0.16335129737854004, "passed": true}, "13": {"execution_time": 0.15889692306518555, "passed": false}, "14": {"execution_time": 0.16271376609802246, "passed": true}}}, "check_style_score": "0/1"}