{"version": "1", "message": "ERROR: Hidden Testcases server unreachable.", "problem_id": "ads2_m4_a1_1", "user_id": "Ravikrishna234", "score": {"sample": {"0": {"execution_time": 0.19525408744812012, "passed": true}, "1": {"execution_time": 0.35071873664855957, "passed": true}, "2": {"execution_time": 0.23444199562072754, "passed": true}, "3": {"execution_time": 0.21425747871398926, "passed": true}, "4": {"execution_time": 0.17723822593688965, "passed": true}, "5": {"execution_time": 0.17756390571594238, "passed": true}, "6": {"execution_time": 0.19807124137878418, "passed": true}, "7": {"execution_time": 0.17975616455078125, "passed": true}, "8": {"execution_time": 2.0589663982391357, "passed": true}, "9": {"execution_time": 0.17466425895690918, "passed": true}, "10": {"execution_time": 0.20457887649536133, "passed": true}, "11": {"execution_time": 0.16145920753479004, "passed": true}, "12": {"execution_time": 0.21904802322387695, "passed": true}, "13": {"execution_time": 0.7731311321258545, "passed": true}, "14": {"execution_time": 0.17175960540771484, "passed": true}}}, "check_style_score": "0/1"}