{"version": "1", "message": "ERROR: Hidden Testcases server unreachable.", "problem_id": "ads2_m4_a1_1", "user_id": "Ravikrishna234", "score": {"sample": {"0": {"execution_time": 0.5671813488006592, "passed": true}, "1": {"execution_time": 0.3560791015625, "passed": false}, "2": {"execution_time": 0.3731675148010254, "passed": false}, "3": {"execution_time": 0.3719198703765869, "passed": false}, "4": {"execution_time": 0.4373819828033447, "passed": false}, "5": {"execution_time": 0.38257622718811035, "passed": false}, "6": {"execution_time": 0.2979927062988281, "passed": false}, "7": {"execution_time": 0.4468863010406494, "passed": false}, "8": {"execution_time": 0.45801377296447754, "passed": true}, "9": {"execution_time": 0.26964616775512695, "passed": true}, "10": {"execution_time": 0.428264856338501, "passed": true}, "11": {"execution_time": 0.3919987678527832, "passed": false}, "12": {"execution_time": 0.22581982612609863, "passed": false}, "13": {"execution_time": 1.2269277572631836, "passed": false}, "14": {"execution_time": 0.35839104652404785, "passed": true}}}, "check_style_score": "0/1"}