{"version": "1", "message": "ERROR: Hidden Testcases server unreachable.", "problem_id": "ads2_m4_a1_1", "user_id": "Ravikrishna234", "score": {"sample": {"0": {"execution_time": 0.17638540267944336, "passed": false}, "1": {"execution_time": 3.09763240814209, "passed": false}, "2": {"execution_time": 0.1673121452331543, "passed": false}, "3": {"execution_time": 0.16320276260375977, "passed": false}, "4": {"execution_time": 0.15294146537780762, "passed": false}, "5": {"execution_time": 0.16715335845947266, "passed": false}, "6": {"execution_time": 0.2769014835357666, "passed": false}, "7": {"execution_time": 0.17723298072814941, "passed": false}, "8": {"execution_time": 0.1550426483154297, "passed": false}, "9": {"execution_time": 0.15961647033691406, "passed": false}, "10": {"execution_time": 0.15663671493530273, "passed": false}, "11": {"execution_time": 0.18089890480041504, "passed": false}, "12": {"execution_time": 0.1554276943206787, "passed": false}, "13": {"execution_time": 0.15400171279907227, "passed": false}, "14": {"execution_time": 0.18609094619750977, "passed": false}}}, "check_style_score": "0/1"}